텍스트,분류 1차,분류 2차,자동 생성 제목,반려 사유,반려 사유(요약),이미지 여부,템플릿 코드
"안녕하세요 #{회원명}님, 자버 플랫폼을 통해 고용노동부 HR 플랫폼 이용 지원 관련 안내를 드립니다.  - 지원대상: #{지원대상} - 지원내용: #{지원내용} - 신청기간: #{신청기간}  보다 자세한 정보는 아래 버튼에서 확인하실 수 있습니다.",서비스이용,이용안내/공지,정부지원금 안내,"안녕하세요. 카카오톡 알림톡 검수 담당자입니다.  알림톡은 수신자의 액션을 기반한 정보성 메시지에 한하여 발송 가능하오나 상기 메시지 내용만으로는 수신 대상을 명확하게 확인하기 어려워 반려 처리되었습니다. 해당 메시지는 어떠한 상황에서 발송되는 메시지인가요? 메시지를 수신하는 수신자의 어떠한 액션으로 발송되는지 답변 또는 메시지 내 추가하여 주시기 바랍니다.  더 자세한 알림톡 검수 가이드는 딜러사를 통해 확인 부탁드립니다. 감사합니다.",알림톡 내용이 수신 대상을 명확히 확인할 수 없어서 반려되었습니다.,X,subsidy_25051202
"안녕하세요 #{회원명}님, 자버 플랫폼을 통해 고용노동부 HR 플랫폼 이용 지원 관련 안내를 드립니다.  - 지원대상: #{지원대상} - 지원내용: #{지원내용} - 신청기간: #{신청기간}  보다 자세한 정보는 아래 버튼에서 확인하실 수 있습니다.",서비스이용,이용안내/공지,고용노동부 HR 플랫폼 이용 지원 안내,"안녕하세요. 카카오톡 알림톡 검수 담당자입니다.  알림톡은 수신자의 액션을 기반한 정보성 메시지에 한하여 발송 가능하오나 상기 메시지 내용만으로는 수신 대상을 명확하게 확인하기 어려워 반려 처리되었습니다. 해당 메시지는 어떠한 상황에서 발송되는 메시지인가요? 메시지를 수신하는 수신자의 어떠한 액션으로 발송되는지 답변 또는 메시지 내 추가하여 주시기 바랍니다.  더 자세한 알림톡 검수 가이드는 딜러사를 통해 확인 부탁드립니다. 감사합니다.",수신 대상을 명확하게 확인하기 어려운 내용으로 인해 알림톡 반려 처리.,X,subsidy_25051201
"안녕하세요, 고객님.  이 메시지는 제이플라랩 정보를 요청하신 고객님께 일회성으로 발송된 정보성 알림입니다.  제이플라랩은 피부 관리에 관한 다양한 서비스와 프로그램을 제공하고 있습니다. 고객님께서는 다음과 같은 정보를 참고해 주시기 바랍니다:  ▶ 서비스 내용: 피부 관리 및 관련 프로그램 ▶ 운영 시간: #{운영시간} ▶ 문의 전화: #{문의전화}  변경 사항이 있을 경우 사전에 안내 드리겠습니다.  감사합니다.",서비스이용,이용안내/공지,(전용) 피부 관리 안내_01 / 제이플라랩,"안녕하세요. 카카오톡 알림톡 검수 담당자입니다.  알림톡은 어뷰징 우려가 없는 정보성 메시지에 한하여 발송 가능합니다. 허나 해당 메시지는 광범위한 요청 내용으로 기재되어있어 어뷰징 우려가 존재합니다.  따라서 본 메시지의 어뷰징 요소가 없도록 어떠한 내용의 메시지가 발송되는지 확인 가능한 구체적인 신청 내용을 기재해주시기 바라며, 발송하시려는 내용이 다양함에 따라 고정값으로 기재가 어려우시다면 발송 목적별로 템플릿을 분리하시어 등록 부탁드립니다.  더 자세한 알림톡 검수 가이드는 딜러사를 통해 확인 부탁드립니다. 감사합니다.",메시지에 어뷰징 우려가 있어서 구체적인 내용을 제공해야 함.,X,c0035_care_noti_non_01
"[#{음식점명} 안내]  안녕하세요, #{수신자명}님   #{음식점명}에 대한 정보를 요청해주셔서 감사합니다.    ▶ 안내사항: #{소식요약}  ※ 본 메시지는 #{음식점명} 관련 정보를 사전에 요청하신 고객님께 발송된 일회성 안내입니다.",서비스이용,이용안내/공지,(전용) 새로운 소식 안내 / 마라차이즈,"안녕하세요. 카카오톡 알림톡 검수 담당자입니다.  알림톡은 어뷰징 우려가 없는 정보성 메시지에 한하여 발송 가능합니다. 허나 해당 메시지는 광범위한 타이틀인 '소식내용'으로 기재되어있어 어뷰징 우려가 존재합니다.  따라서 본 메시지의 어뷰징 요소가 없도록 어떠한 내용의 메시지가 발송되는지 확인 가능한 고정값(타이틀)을 추가 기재 요청드리며 발송하시려는 내용이 다양함에 따라 고정값으로 기재가 어려우시다면 발송 목적별로 템플릿을 분리하시어 등록 부탁드립니다.  더 자세한 알림톡 검수 가이드는 딜러사를 통해 확인 부탁드립니다. 감사합니다. 안녕하세요. 카카오톡 알림톡 검수 담당자입니다.  알림톡은 어뷰징 우려가 없는 정보성 메시지에 한하여 발송 가능합니다. 허나 해당 메시지는 광범위한 타이틀 및 변수내용으로 기재되어있어 어뷰징 우려가 존재합니다.  따라서 본 메시지의 어뷰징 요소가 없도록 어떠한 내용의 메시지가 발송되는지 확인 가능한 고정값(타이틀)을 추가 기재 요청드리며 발송하시려는 내용이 다양함에 따라 고정값으로 기재가 어려우시다면 발송 목적별로 템플릿을 분리하시어 등록 부탁드립니다.  더 자세한 알림톡 검수 가이드는 딜러사를 통해 확인 부탁드립니다. 감사합니다.",타이틀이나 변수내용이 광범위하여 어뷰징 우려가 있어서 반려되었습니다.,X,c0033_news_info_non_01
"[#{이벤트명} 관련 정보 안내]  안녕하세요, #{수신자명} 고객님   #{이벤트명}에 대한 상세 내용을 아래와 같이 안내드립니다.  ▶ 내용: #{이벤트내용}   ▶ 기간: #{참여기간}   ▶ 유의사항: #{유의사항}  ※ 본 메시지는 해당 이벤트 정보 제공을 요청하신 고객님께 발송된 일회성 안내입니다.",서비스이용,이용안내/공지,(전용) 이벤트 정보 안내 / 하이퍼밸류,"안녕하세요. 카카오톡 알림톡 검수 담당자입니다.  알림톡은 수신자의 액션을 기반한 정보성 메시지에 한하여 발송 가능합니다. 허나 해당 메시지는 광범위한 이벤트 내용으로 광고성 및 공지성 메시지에 해당함에 따라 알림톡 발송 불가합니다.  더 자세한 알림톡 검수 가이드는 딜러사를 통해 확인 부탁드립니다. 감사합니다. 안녕하세요. 카카오톡 알림톡 검수 담당자입니다.  알림톡은 수신자의 액션을 기반한 정보성 메시지에 한하여 발송 가능합니다. 허나 해당 메시지는 광범위한 이벤트 내용으로 광고성 및 공지성 메시지에 해당함에 따라 알림톡 발송 불가합니다.  더 자세한 알림톡 검수 가이드는 딜러사를 통해 확인 부탁드립니다. 감사합니다.",알림톡 발송 불가 - 광고성 및 공지성 메시지.,X,c0031_event_info_non_01
"안녕하세요 #{수신자명}님,  요청하신 서비스 소개서가 발송되었습니다.  아래 버튼을 클릭하시면 자세한 내용을 확인하실 수 있습니다.  * 서비스 소개서를 요청하신 분들께 발송되는 메시지입니다.",서비스이용,이용안내/공지,서비스 소개서 발송 안내,"안녕하세요. 카카오톡 알림톡 검수 담당자 입니다.  이미지 내 텍스트가 템플릿 내용과 관련성이 부족하여 반려 처리되었습니다. 메시지 본문과 관련성 있는 내용으로 수정 요청드립니다.  (예시 : 소개서 발송 알림 등)  더 자세한 알림톡 검수 가이드는 딜러사를 통해 확인 부탁드립니다. 감사합니다.",알림톡 템플릿이 이미지 내 텍스트와 템플릿 내용 간의 관련성이 부족하여 반려되었습니다. 텍스트와 템플릿 내용을 관련성 있게 수정해야 합니다.,"""Introduction25042901"",",O
"안녕하세요 #{수신자명}님,  요청하신 서비스 소개서가 발송되었습니다.  아래 버튼을 클릭하시면 자세한 내용을 확인하실 수 있습니다.  * 서비스 소개서를 요청하신 분들께 발송되는 메시지입니다.",서비스이용,이용안내/공지,서비스 소개서 발송 안내,"안녕하세요. 카카오톡 알림톡 검수 담당자 입니다.  이미지 내 텍스트가 템플릿 내용과 관련성이 부족하여 반려 처리되었습니다. 메시지 본문과 관련성 있는 내용으로 수정 요청드립니다.  (예시 : 소개서 발송 알림 등)  더 자세한 알림톡 검수 가이드는 딜러사를 통해 확인 부탁드립니다. 감사합니다.",이미지 내 텍스트와 템플릿 내용의 관련성 부족으로 반려 처리되었습니다.,O,Introduction25042901
"안녕하세요 #{수신자명} 고객님, #{발신 스페이스}입니다.  언제나 #{발신 스페이스}를 이용해 주셔서 감사합니다.  고객님께서는 마케팅 정보 수신에 동의하셨습니다. #{발신 스페이스}는/은 회원님께서 동의하신 수신 채널을 통하여 유익한 소식 및 다양한 혜택을 안내해 드리고 있습니다.  마케팅 정보 수신을 원치 않으시면 #{발신 스페이스} 홈페이지에서 마케팅 수신 동의 여부를 변경하실 수 있습니다.  앞으로도 유익한 소식과 다양한 혜택으로 찾아뵙겠습니다.  감사합니다.",서비스이용,이용안내/공지,마케팅 수신 동의 안내,"안녕하세요. 카카오톡 알림톡 검수 담당자입니다.  신청하신 메시지는 텍스트 혼합 이미지형 메시지로 확인되어 아래 간략한 가이드 안내 드립니다.  이미지 내 텍스트는 국문 <SpoqaHanSans>이며 폰트 54pt, 컬러는 <#333333> 볼드만 가능하며, 띄어쓰기 포함 한줄당 최소 4자 이상 최대 10자 이내로 노출되도록 해야합니다.  더 자세한 이미지 알림톡 검수 가이드는 딜러사 또는 아래 링크를 통해 확인 부탁드립니다. ㄴ 이미지 제작 가이드 : https://kakaobusiness.gitbook.io/main/ad/bizmessage/notice-friend/content-guide/image  감사합니다.","텍스트 혼합 이미지형 메시지의 이미지 내 텍스트 국문 폰트 사이즈, 컬러, 글자수 제한을 준수하지 않아 반려되었습니다.","""JOBER0411_1642748121631"",",O
"안녕하세요 #{수신자명}님, 항상 #{발신 스페이스}을 이용해주셔서 감사드리며, 고객님의 소중한 금융자산을 보호하기 위해 보이스피싱 피해 및 금융사고 예방관련 유의사항을 안내 드리오니 각별히 주의하시기 바랍니다.   ■ 최근 자녀 사칭 또는 재난지원금 지급 및 백신접종 등을 빙자하여 신분증, 카드번호, 온라인 결제 등을 요구하거나, 당사를 사칭하여 고수익을 보장하는 신종 보이스피싱(금융사기)이 증가하고 있어 각별한 주의가 필요합니다.   ■ 금융사고 피해예방을 위하여 신분증, 신용카드, 통장, 비밀번호, OTP(보안카드)번호, 인증서 등은  절대 휴대폰 등 온라인을 통해 절대 제공하여서는 안되며, 고객님께서 직접 안전하게 관리하여 주시기 바랍니다.   [사기 피해예방을 위한 행동요령]  1. 카톡, 문자로 신분증 사본, 계좌번호, 신용카드번호 요구시 가족포함 절대 제공 금지 2. 카톡, 문자 등을 통해 금전을 요구하면 가족포함 무조건 이체 금지 3. 출처가 불분명한(가족,지인 포함) 스마트폰 원격조정 앱 설치요구 시 무조건 거절 ※ 피해발생 시 경찰(☎112, 182) 및 금융감독원(☎1332) 즉시 신고 ※ 본 안내는 보이스피싱 피해 및 금융사고 예방을 위하여 수신동의 여부와 관계없이 고객님께 안내드리는 내용입니다.",법적고지,내부 업무 알림,보이스피싱 피해예방 안내,"안녕하세요. 카카오톡 알림톡 검수 담당자입니다.  신청하신 메시지는 텍스트 혼합 이미지형 메시지로 확인되어 아래 간략한 가이드 안내 드립니다.  이미지 내 텍스트는 띄어쓰기 포함 한줄당 최소 4자 이상 최대 10자 이내로 노출되도록 해야합니다.  ※ 안내해드린 가이드를 재확인 하시어 수정 후 검수요청 주시기 바랍니다.  더 자세한 이미지 알림톡 검수 가이드는 딜러사 또는 아래 링크를 통해 확인 부탁드립니다. ㄴ 이미지 제작 가이드 : https://kakaobusiness.gitbook.io/main/ad/bizmessage/notice-friend/content-guide/image  감사합니다.","텍스트 혼합 이미지형 메시지에서 이미지 내 텍스트가 한 줄당 최소 4자 이상 최대 10자 이내로 노출되어야 하는데, 해당 조건을 충족하지 못하여 반려되었습니다.","""JOBER0411_1638782564331"",",O
"안녕하세요 #{수신자명}님, 고객님의 자동 결제 설정이 완료되었습니다.  충전 방식 : 월 정기 결제 시작 일시 : #{시작 일시}  설정 금액 : #{설정금액}원 다음 예상 결제일 : #{다음예상결제일}  결제를 취소하시려면 아래 버튼을 클릭해주세요.",서비스이용,이용안내/공지,자동 결제 정보 등록 완료,"안녕하세요. 카카오톡 알림톡 검수 담당자입니다.  신청하신 메시지는 텍스트 혼합 이미지형 메시지로 확인되어 아래 간략한 가이드 안내 드립니다.  이미지 내 텍스트는  띄어쓰기 포함 한줄당 최소 4자 이상 최대 10자 이내로 노출되도록 해야합니다.  ※ 안내해드린 가이드를 재확인 하시어 수정 후 검수요청 주시기 바랍니다.  더 자세한 이미지 알림톡 검수 가이드는 딜러사 또는 아래 링크를 통해 확인 부탁드립니다. ㄴ 이미지 제작 가이드 : https://kakaobusiness.gitbook.io/main/ad/bizmessage/notice-friend/content-guide/image  감사합니다.",텍스트 혼합 이미지형 메시지에서 이미지 내 텍스트가 한 줄당 최소 4자 이상 최대 10자 이내로 노출되어야 한다는 규정을 지키지 않아서 반려되었습니다.,"""JOBER0411_1638851327581"",",O
"안녕하세요 #{수신자명} 고객님, 가구이즈 이벤트에 대한 정보입니다.  ▶ 행사명: 가구이즈 이벤트 ▶ 일정: #{일정} ▶ 장소: #{장소}  #{추가 메시지 - 해당 행사는 참여를 원하시는 분들께 열려 있으니 많은 관심 부탁드립니다.}  * 해당 메시지는 가구이즈 이벤트 정보를 신청하신 분들께 발송되는 메시지입니다.",서비스이용,이용안내/공지,(전용) 이벤트 정보 안내_01 / 가구이즈,"안녕하세요. 카카오톡 알림톡 검수 담당자입니다.  알림톡은 수신자의 액션을 기반한 정보성 메시지에 한하여 발송 가능하오나 상기 메시지는 진행중인 이벤트 및 혜택 관련 안내로 마케팅성 광고 메시지에 해당함에 따라 알림톡 발송이 불가합니다.  * 최근 알림톡 어뷰징이 지속적으로 발생하고 있어 가이드가 강화됨에 따라 상기와 같이 안내드리는 점 양해 부탁드립니다.  더 자세한 알림톡 검수 가이드는 딜러사를 통해 확인 부탁드립니다. 감사합니다.",알림톡 발송이 마케팅성 광고 메시지에 해당하여 반려되었습니다.,X,c0028_event_notice_img_01
"안녕하세요 #{수신자명}님,  카드 이용건이 자녀나 지인에게 카카오톡 등 메신저로 부탁받은 것이라면,  즉시 고객보호센터(#{전화번호})로  연락해 주시기 바랍니다.  최근 지인을 사칭해 메신저로 접근하여 카드 결제를 유도하는 메신저피싱 피해 사례가 증가하고 있으니, 반드시 전화 통화로  자녀 또는 지인이 맞는지 확인하셔야 합니다.",법적고지,주문/예약,메신저피싱 피해 예방 안내,"안녕하세요. 카카오톡 알림톡 검수 담당자입니다.  신청하신 메시지는 텍스트 혼합 이미지형 메시지로 확인되어 아래 간략한 가이드 안내 드립니다.  이미지 내 텍스트는 띄어쓰기 포함 한줄당 최소 4자 이상 최대 10자 이내로 노출되도록 해야합니다.  ※ 안내해드린 가이드를 재확인 하시어 수정 후 검수요청 주시기 바랍니다.  더 자세한 이미지 알림톡 검수 가이드는 딜러사 또는 아래 링크를 통해 확인 부탁드립니다. ㄴ 이미지 제작 가이드 : https://kakaobusiness.gitbook.io/main/ad/bizmessage/notice-friend/content-guide/image  감사합니다.","텍스트 혼합 이미지형 메시지의 이미지 내 텍스트가 한 줄당 4자 이상 10자 이내로 노출되어야 하는데, 해당 조건을 충족하지 못하여 반려되었습니다.","""JOBER0411_1638782739802"",",O
"안녕하세요 #{수신자명} 고객님, #{발신 스페이스}입니다.  언제나 #{발신 스페이스}를 이용해 주셔서 감사합니다.  고객님께서는 마케팅 정보 수신에 동의하셨습니다. #{발신 스페이스}는/은 회원님께서 동의하신 수신 채널을 통하여 유익한 소식 및 다양한 혜택을 안내해 드리고 있습니다.  마케팅 정보 수신을 원치 않으시면 #{발신 스페이스} 홈페이지에서 마케팅 수신 동의 여부를 변경하실 수 있습니다.  앞으로도 유익한 소식과 다양한 혜택으로 찾아뵙겠습니다.  감사합니다.",서비스이용,이용안내/공지,마케팅 수신 동의 안내,"안녕하세요. 카카오톡 알림톡 검수 담당자입니다.  신청하신 메시지는 텍스트 혼합 이미지형 메시지로 확인되어 아래 간략한 가이드 안내 드립니다.  이미지 내 텍스트는 국문 <SpoqaHanSans>이며 폰트 54pt, 컬러는 <#333333> 볼드만 가능하며, 띄어쓰기 포함 한줄당 최소 4자 이상 최대 10자 이내로 노출되도록 해야합니다.  더 자세한 이미지 알림톡 검수 가이드는 딜러사 또는 아래 링크를 통해 확인 부탁드립니다. ㄴ 이미지 제작 가이드 : https://kakaobusiness.gitbook.io/main/ad/bizmessage/notice-friend/content-guide/image  감사합니다.","카카오톡 알림톡 검수 요청 메시지가 텍스트 혼합 이미지형으로 제출되어야 하는데, 제출된 내용이 해당 가이드에 맞지 않음.",O,JOBER0411_1642748121631
"안녕하세요 #{수신자명}님, 항상 #{발신 스페이스}을 이용해주셔서 감사드리며, 고객님의 소중한 금융자산을 보호하기 위해 보이스피싱 피해 및 금융사고 예방관련 유의사항을 안내 드리오니 각별히 주의하시기 바랍니다.   ■ 최근 자녀 사칭 또는 재난지원금 지급 및 백신접종 등을 빙자하여 신분증, 카드번호, 온라인 결제 등을 요구하거나, 당사를 사칭하여 고수익을 보장하는 신종 보이스피싱(금융사기)이 증가하고 있어 각별한 주의가 필요합니다.   ■ 금융사고 피해예방을 위하여 신분증, 신용카드, 통장, 비밀번호, OTP(보안카드)번호, 인증서 등은  절대 휴대폰 등 온라인을 통해 절대 제공하여서는 안되며, 고객님께서 직접 안전하게 관리하여 주시기 바랍니다.   [사기 피해예방을 위한 행동요령]  1. 카톡, 문자로 신분증 사본, 계좌번호, 신용카드번호 요구시 가족포함 절대 제공 금지 2. 카톡, 문자 등을 통해 금전을 요구하면 가족포함 무조건 이체 금지 3. 출처가 불분명한(가족,지인 포함) 스마트폰 원격조정 앱 설치요구 시 무조건 거절 ※ 피해발생 시 경찰(☎112, 182) 및 금융감독원(☎1332) 즉시 신고 ※ 본 안내는 보이스피싱 피해 및 금융사고 예방을 위하여 수신동의 여부와 관계없이 고객님께 안내드리는 내용입니다.",법적고지,주문/예약,보이스피싱 피해예방 안내,"안녕하세요. 카카오톡 알림톡 검수 담당자입니다.  신청하신 메시지는 텍스트 혼합 이미지형 메시지로 확인되어 아래 간략한 가이드 안내 드립니다.  이미지 내 텍스트는 띄어쓰기 포함 한줄당 최소 4자 이상 최대 10자 이내로 노출되도록 해야합니다.  ※ 안내해드린 가이드를 재확인 하시어 수정 후 검수요청 주시기 바랍니다.  더 자세한 이미지 알림톡 검수 가이드는 딜러사 또는 아래 링크를 통해 확인 부탁드립니다. ㄴ 이미지 제작 가이드 : https://kakaobusiness.gitbook.io/main/ad/bizmessage/notice-friend/content-guide/image  감사합니다.",카카오 알림톡 템플릿이 반려된 이유는 이미지 내 텍스트가 한 줄당 최소 4자 이상 최대 10자 이내로 노출되어야 하는데 이 조건을 충족하지 못했기 때문입니다.,"""JOBER0411_1638782564331"",",O
"안녕하세요 #{수신자명}님,  카드 이용건이 자녀나 지인에게 카카오톡 등 메신저로 부탁받은 것이라면,  즉시 고객보호센터(#{전화번호})로  연락해 주시기 바랍니다.  최근 지인을 사칭해 메신저로 접근하여 카드 결제를 유도하는 메신저피싱 피해 사례가 증가하고 있으니, 반드시 전화 통화로  자녀 또는 지인이 맞는지 확인하셔야 합니다.",법적고지,주문/예약,메신저피싱 피해 예방 안내,"안녕하세요. 카카오톡 알림톡 검수 담당자입니다.  신청하신 메시지는 텍스트 혼합 이미지형 메시지로 확인되어 아래 간략한 가이드 안내 드립니다.  이미지 내 텍스트는 띄어쓰기 포함 한줄당 최소 4자 이상 최대 10자 이내로 노출되도록 해야합니다.  ※ 안내해드린 가이드를 재확인 하시어 수정 후 검수요청 주시기 바랍니다.  더 자세한 이미지 알림톡 검수 가이드는 딜러사 또는 아래 링크를 통해 확인 부탁드립니다. ㄴ 이미지 제작 가이드 : https://kakaobusiness.gitbook.io/main/ad/bizmessage/notice-friend/content-guide/image  감사합니다.","텍스트 혼합 이미지형 메시지에서 이미지 내 텍스트가 한 줄당 4자 이상 10자 이내로 노출되어야 하는데, 해당 조건을 충족하지 못하여 반려되었습니다.","""JOBER0411_1638782739802"",",O
"안녕하세요 #{수신자명}님, 항상 #{발신 스페이스}을 이용해주셔서 감사드리며, 고객님의 소중한 금융자산을 보호하기 위해 보이스피싱 피해 및 금융사고 예방관련 유의사항을 안내 드리오니 각별히 주의하시기 바랍니다.   ■ 최근 자녀 사칭 또는 재난지원금 지급 및 백신접종 등을 빙자하여 신분증, 카드번호, 온라인 결제 등을 요구하거나, 당사를 사칭하여 고수익을 보장하는 신종 보이스피싱(금융사기)이 증가하고 있어 각별한 주의가 필요합니다.   ■ 금융사고 피해예방을 위하여 신분증, 신용카드, 통장, 비밀번호, OTP(보안카드)번호, 인증서 등은  절대 휴대폰 등 온라인을 통해 절대 제공하여서는 안되며, 고객님께서 직접 안전하게 관리하여 주시기 바랍니다.   [사기 피해예방을 위한 행동요령]  1. 카톡, 문자로 신분증 사본, 계좌번호, 신용카드번호 요구시 가족포함 절대 제공 금지 2. 카톡, 문자 등을 통해 금전을 요구하면 가족포함 무조건 이체 금지 3. 출처가 불분명한(가족,지인 포함) 스마트폰 원격조정 앱 설치요구 시 무조건 거절 ※ 피해발생 시 경찰(☎112, 182) 및 금융감독원(☎1332) 즉시 신고 ※ 본 안내는 보이스피싱 피해 및 금융사고 예방을 위하여 수신동의 여부와 관계없이 고객님께 안내드리는 내용입니다.",법적고지,내부 업무 알림,보이스피싱 피해예방 안내,"안녕하세요. 카카오톡 알림톡 검수 담당자입니다.  신청하신 메시지는 텍스트 혼합 이미지형 메시지로 확인되어 아래 간략한 가이드 안내 드립니다.  이미지 내 텍스트는 띄어쓰기 포함 한줄당 최소 4자 이상 최대 10자 이내로 노출되도록 해야합니다.  ※ 안내해드린 가이드를 재확인 하시어 수정 후 검수요청 주시기 바랍니다.  더 자세한 이미지 알림톡 검수 가이드는 딜러사 또는 아래 링크를 통해 확인 부탁드립니다. ㄴ 이미지 제작 가이드 : https://kakaobusiness.gitbook.io/main/ad/bizmessage/notice-friend/content-guide/image  감사합니다.",텍스트 혼합 이미지형 메시지의 텍스트 길이 제한을 지키지 않아 반려되었습니다.,O,JOBER0411_1638782564331
"안녕하세요 #{수신자명}님, 고객님의 자동 결제 설정이 완료되었습니다.  충전 방식 : 월 정기 결제 시작 일시 : #{시작 일시}  설정 금액 : #{설정금액}원 다음 예상 결제일 : #{다음예상결제일}  결제를 취소하시려면 아래 버튼을 클릭해주세요.",서비스이용,이용안내/공지,자동 결제 정보 등록 완료,"안녕하세요. 카카오톡 알림톡 검수 담당자입니다.  신청하신 메시지는 텍스트 혼합 이미지형 메시지로 확인되어 아래 간략한 가이드 안내 드립니다.  이미지 내 텍스트는  띄어쓰기 포함 한줄당 최소 4자 이상 최대 10자 이내로 노출되도록 해야합니다.  ※ 안내해드린 가이드를 재확인 하시어 수정 후 검수요청 주시기 바랍니다.  더 자세한 이미지 알림톡 검수 가이드는 딜러사 또는 아래 링크를 통해 확인 부탁드립니다. ㄴ 이미지 제작 가이드 : https://kakaobusiness.gitbook.io/main/ad/bizmessage/notice-friend/content-guide/image  감사합니다.",텍스트 혼합 이미지형 메시지의 텍스트 띄어쓰기와 길이 제한을 수정해야 함.,O,JOBER0411_1638851327581
"안녕하세요 #{수신자명}님, 항상 #{발신 스페이스}의 #{서비스명}를 이용해주셔서 감사합니다.  이용에 불편함이 없도록 항상 최선을 다하겠습니다. 감사합니다.",서비스이용,이용안내/공지,이용 감사 인사,"안녕하세요. 카카오톡 알림톡 검수 담당자입니다.  알림톡은 수신자의 액션을 기반한 정보성 메시지에 한하여 발송 가능하오나 상기 메시지 내용만으로는 수신 대상을 명확하게 확인하기 어려워 반려 처리되었습니다. 해당 메시지는 어떠한 상황에서 발송되는 메시지인가요? 메시지를 수신하는 수신자의 어떠한 액션으로 발송되는지 답변 또는 메시지 내 추가하여 주시기 바랍니다.  더 자세한 알림톡 검수 가이드는 딜러사를 통해 확인 부탁드립니다. 감사합니다.",알림톡 내용이 수신 대상을 명확하게 확인할 수 없어 반려되었습니다.,X,JOBER0411_1656053695393
"안녕하세요 #{수신자명}님,  카드 이용건이 자녀나 지인에게 카카오톡 등 메신저로 부탁받은 것이라면,  즉시 고객보호센터(#{전화번호})로  연락해 주시기 바랍니다.  최근 지인을 사칭해 메신저로 접근하여 카드 결제를 유도하는 메신저피싱 피해 사례가 증가하고 있으니, 반드시 전화 통화로  자녀 또는 지인이 맞는지 확인하셔야 합니다.",법적고지,내부 업무 알림,메신저피싱 피해 예방 안내,"안녕하세요. 카카오톡 알림톡 검수 담당자입니다.  신청하신 메시지는 텍스트 혼합 이미지형 메시지로 확인되어 아래 간략한 가이드 안내 드립니다.  이미지 내 텍스트는 띄어쓰기 포함 한줄당 최소 4자 이상 최대 10자 이내로 노출되도록 해야합니다.  ※ 안내해드린 가이드를 재확인 하시어 수정 후 검수요청 주시기 바랍니다.  더 자세한 이미지 알림톡 검수 가이드는 딜러사 또는 아래 링크를 통해 확인 부탁드립니다. ㄴ 이미지 제작 가이드 : https://kakaobusiness.gitbook.io/main/ad/bizmessage/notice-friend/content-guide/image  감사합니다.",텍스트 혼합 이미지형 메시지의 텍스트 길이 제한을 준수하지 않아 반려되었습니다.,O,JOBER0411_1638782739802
"안녕하세요 #{수신자명}님, 기다리시던 #{상품} 상품의 사전 예약이 시작되었습니다. 늦기 전에 놓치지말고 신청하세요!  아래 버튼을 클릭하시면 신청하실 수 있습니다.",예약,예약완료,사전 구매 예약,"안녕하세요. 카카오톡 알림톡 검수 담당자입니다.  알림톡은 수신자의 액션을 기반한 정보성 메시지에 한하여 발송 가능하오나 상기 메시지 내용만으로는 수신 대상을 명확하게 확인하기 어려워 반려 처리되었습니다. 해당 메시지는 어떠한 상황에서 발송되는 메시지인가요? 메시지를 수신하는 수신자의 어떠한 액션으로 발송되는지 답변 또는 메시지 내 추가하여 주시기 바랍니다. 예 : 신청하신 등   더 자세한 알림톡 검수 가이드는 딜러사를 통해 확인 부탁드립니다. 감사합니다.",알림톡 내용이 수신 대상을 명확히 확인할 수 없어 반려되었습니다.,X,JOBER0411_1638851260901
안녕하세요. #{수신자명}님. 주문하신 상품의 송장번호가 삭제되었습니다.  ▶택배사: #{택배사} ▶주문번호: #{주문번호} ▶송장번호: #{송장번호}  판매자의 오기입으로 송장번호가 삭제될 수 있습니다. 자세한 문의는 아래 버튼을 클릭해 주세요. 감사합니다.,배송,배송상태,송장번호 삭제 안내,"안녕하세요. 카카오톡 알림톡 검수 담당자입니다.  신청하신 메시지는 텍스트 혼합 이미지형 메시지로 확인되어 아래 간략한 가이드 안내 드립니다.  이미지 내 텍스트는  띄어쓰기 포함 한줄당 최소 4자 이상 최대 10자 이내로 노출되도록 해야합니다.  ※ 안내해드린 가이드를 재확인 하시어 수정 후 검수요청 주시기 바랍니다.  더 자세한 이미지 알림톡 검수 가이드는 딜러사 또는 아래 링크를 통해 확인 부탁드립니다. ㄴ 이미지 제작 가이드 : https://kakaobusiness.gitbook.io/main/ad/bizmessage/notice-friend/content-guide/image  감사합니다.","텍스트 혼합 이미지형 메시지에서 이미지 내 텍스트가 한 줄당 최소 4자 이상 최대 10자 이내로 노출되어야 하는데, 해당 조건을 충족하지 못하여 반려되었습니다.","""JOBER0411_1643003636383"",",O
"안녕하세요 #{수신자명}님, 항상 #{발신 스페이스}을 이용해주셔서 감사드리며, 고객님의 소중한 금융자산을 보호하기 위해 보이스피싱 피해 및 금융사고 예방관련 유의사항을 안내 드리오니 각별히 주의하시기 바랍니다.   ■ 최근 자녀 사칭 또는 재난지원금 지급 및 백신접종 등을 빙자하여 신분증, 카드번호, 온라인 결제 등을 요구하거나, 당사를 사칭하여 고수익을 보장하는 신종 보이스피싱(금융사기)이 증가하고 있어 각별한 주의가 필요합니다.   ■ 금융사고 피해예방을 위하여 신분증, 신용카드, 통장, 비밀번호, OTP(보안카드)번호, 인증서 등은  절대 휴대폰 등 온라인을 통해 절대 제공하여서는 안되며, 고객님께서 직접 안전하게 관리하여 주시기 바랍니다.   [사기 피해예방을 위한 행동요령]  1. 카톡, 문자로 신분증 사본, 계좌번호, 신용카드번호 요구시 가족포함 절대 제공 금지 2. 카톡, 문자 등을 통해 금전을 요구하면 가족포함 무조건 이체 금지 3. 출처가 불분명한(가족,지인 포함) 스마트폰 원격조정 앱 설치요구 시 무조건 거절 ※ 피해발생 시 경찰(☎112, 182) 및 금융감독원(☎1332) 즉시 신고 ※ 본 안내는 보이스피싱 피해 및 금융사고 예방을 위하여 수신동의 여부와 관계없이 고객님께 안내드리는 내용입니다.",법적고지,내부 업무 알림,보이스피싱 피해예방 안내,"안녕하세요. 카카오톡 알림톡 검수 담당자입니다.  신청하신 메시지는 텍스트 혼합 이미지형 메시지로 확인되어 아래 간략한 가이드 안내 드립니다.  이미지 내 텍스트는 띄어쓰기 포함 한줄당 최소 4자 이상 최대 10자 이내로 노출되도록 해야합니다.  ※ 안내해드린 가이드를 재확인 하시어 수정 후 검수요청 주시기 바랍니다.  더 자세한 이미지 알림톡 검수 가이드는 딜러사 또는 아래 링크를 통해 확인 부탁드립니다. ㄴ 이미지 제작 가이드 : https://kakaobusiness.gitbook.io/main/ad/bizmessage/notice-friend/content-guide/image  감사합니다.",텍스트 혼합 이미지형 메시지의 텍스트 띄어쓰기와 길이 조건 미준수로 반려되었습니다.,O,JOBER0411_1638782564331
"안녕하세요 #{수신자명} 고객님, 개인정보제공동의 내역을 안내드립니다.  ▶동의일자 : #{동의일자} ▶내역 : #{내역}",법적고지,주문/예약,개인정보동의알림,"안녕하세요. 카카오톡 알림톡 검수 담당자입니다.  신청하신 메시지는 텍스트 혼합 이미지형 메시지로 확인되어 아래 간략한 가이드 안내 드립니다.  이미지 내 텍스트는  띄어쓰기 포함 한줄당 최소 4자 이상 최대 10자 이내로 노출되도록 해야합니다.  ※ 안내해드린 가이드를 재확인 하시어 수정 후 검수요청 주시기 바랍니다.  더 자세한 이미지 알림톡 검수 가이드는 딜러사 또는 아래 링크를 통해 확인 부탁드립니다. ㄴ 이미지 제작 가이드 : https://kakaobusiness.gitbook.io/main/ad/bizmessage/notice-friend/content-guide/image  감사합니다.",텍스트 혼합 이미지형 메시지의 이미지 내 텍스트가 한 줄당 최소 4자 이상 최대 10자 이내로 노출되어야 함.,"""JOBER0411_1638770162840"",",O
"안녕하세요 #{수신자명}님,  카드 이용건이 자녀나 지인에게 카카오톡 등 메신저로 부탁받은 것이라면,  즉시 고객보호센터(#{전화번호})로  연락해 주시기 바랍니다.  최근 지인을 사칭해 메신저로 접근하여 카드 결제를 유도하는 메신저피싱 피해 사례가 증가하고 있으니, 반드시 전화 통화로  자녀 또는 지인이 맞는지 확인하셔야 합니다.",법적고지,내부 업무 알림,메신저피싱 피해 예방 안내,"안녕하세요. 카카오톡 알림톡 검수 담당자입니다.  신청하신 메시지는 텍스트 혼합 이미지형 메시지로 확인되어 아래 간략한 가이드 안내 드립니다.  이미지 내 텍스트는 띄어쓰기 포함 한줄당 최소 4자 이상 최대 10자 이내로 노출되도록 해야합니다.  ※ 안내해드린 가이드를 재확인 하시어 수정 후 검수요청 주시기 바랍니다.  더 자세한 이미지 알림톡 검수 가이드는 딜러사 또는 아래 링크를 통해 확인 부탁드립니다. ㄴ 이미지 제작 가이드 : https://kakaobusiness.gitbook.io/main/ad/bizmessage/notice-friend/content-guide/image  감사합니다.",이미지 내 텍스트 띄어쓰기 및 글자 수 제한 미준수로 반려되었습니다.,O,JOBER0411_1638782739802
"안녕하세요 #{수신자명}님,  고객님의 청구서가 도착하였으니, 아래 버튼을 눌러 확인해주시기 바랍니다.",리포팅,요금청구,청구서 도착 알림,"안녕하세요. 카카오톡 알림톡 검수 담당자입니다.  알림톡에서는 금융사고 예방 목적으로 결제/송금/납부 유도 메시지를 허용하지 않고 있으나, 아래 내용이 확인되는 업체에 한하여 가능합니다.  - 금융위원회에 선불전자지급수단발행업, 전자지급결제대행업(PG), 결제대금예치업(ESCROW) 중 2개 이상 등록이 확인된 업체 - 휴대폰 제조사 결제대행업 업체 중 제1금융권의 시중은행 소속의 카드사 연동이 5개 이상 적용된 업체  이에 따라 해당 내용 판단을 위해 <청구서> 링크로 연결되는 페이지의 결제사를 확인할 수 있는 결제 페이지 화면을 캡처하시어 첨부하여 주시기 바랍니다.  * 결제 템플릿 등록 가능 업체의 범위가 확장됨에 따라 가이드가 변경된 점 참고 부탁드립니다.  더 자세한 알림톡 검수 가이드는 딜러사를 통해 확인 부탁드립니다. 감사합니다.","알림톡에서는 금융사고 예방 목적으로 결제/송금/납부 유도 메시지를 허용하지 않으며, 해당 내용에 해당하는 업체가 아님.",X,JOBER0411_1638780655933
"안녕하세요 #{수신자명}님, 코로나19 감염 예방을 위하여 내원 중에는 반드시 마스크를 착용해주시기 바랍니다.  감사합니다.",서비스이용,이용안내/공지,코로나 안내,"안녕하세요. 카카오톡 알림톡 검수 담당자입니다.  알림톡은 수신자의 액션을 기반한 정보성 메시지에 한하여 발송 가능하오나 상기 메시지 내용만으로는 수신 대상을 명확하게 확인하기 어려워 반려 처리되었습니다. 해당 메시지는 어떠한 상황에서 발송되는 메시지인가요? 메시지를 수신하는 수신자의 어떠한 액션으로 발송되는지 답변 또는 메시지 내 추가하여 주시기 바랍니다.  더 자세한 알림톡 검수 가이드는 딜러사를 통해 확인 부탁드립니다. 감사합니다.",알림톡 내용이 수신 대상을 명확하게 확인하기 어려워 반려되었습니다.,X,JOBER0411_1638780847060
"#{발신 스페이스} 요금 미납으로 서비스 사용 정지되었습니다.  미납 전액 납부하셔야 정지 해제되므로 빠른 납부 바랍니다. ▶미납금액: #{미납금액}  자세한 내용은 아래 ""자세히보기"" 버튼을 클릭해 주세요.",서비스이용,이용안내/공지,미납 요금 청구 안내,"안녕하세요. 카카오톡 알림톡 검수 담당자입니다.  알림톡에서는 금융사고 예방 목적으로 결제/송금/납부 유도 메시지를 허용하지 않고 있으나, 아래 내용이 확인되는 업체에 한하여 가능합니다.  - 금융위원회에 선불전자지급수단발행업, 전자지급결제대행업(PG), 결제대금예치업(ESCROW) 중 2개 이상 등록이 확인된 업체 - 휴대폰 제조사 결제대행업 업체 중 제1금융권의 시중은행 소속의 카드사 연동이 5개 이상 적용된 업체  이에 따라 해당 내용 판단을 위해 <납부하기> 링크로 연결되는 페이지의 결제사를 확인할 수 있는 결제 페이지 화면을 캡처하시어 첨부하여 주시기 바랍니다.  * 결제 템플릿 등록 가능 업체의 범위가 확장됨에 따라 가이드가 변경된 점 참고 부탁드립니다.  더 자세한 알림톡 검수 가이드는 딜러사를 통해 확인 부탁드립니다. 감사합니다.","금융사고 예방 목적으로 결제/송금/납부 유도 메시지는 허용되지 않으며, 해당 내용을 확인하기 위해 결제 페이지 화면 캡처가 필요합니다.",X,JOBER0411_1642753708772
"안녕하세요 #{수신자명}님, 문의주신 상품 견적가 안내드립니다.  ▶ 상품명 : #{상품명} ▶ 견적가 : #{견적가}  견적가로 주문 진행을 원하시면 [주문하기] 버튼을 눌러주세요.  ※ 상품에 따라 요금이 추가될 수 있습니다.",구매,상품가입,견적서 도착 알림,"안녕하세요. 카카오톡 알림톡 검수 담당자 입니다.  해당 메시지는 수신자의 요청에 대해 1회성으로 발송되는 견적 도착 메시지인가요? 아니면 새로운 견적이 도착할 때마다 수신자에게 매번 발송되는 다발성 메시지인가요? 답변 요청드립니다.  만약 수신자의 요청에 의해 새로운 견적이 도착할 때마다 발송되는 다발성 메시지인 경우, 수신자가 다발성 알림을 동의 및 요청하여 발송된다는 내용을 메시지 내 고정값으로 추가 기재 요청드립니다. (예: 해당 메시지는 고객님께서 요청하신 견적이 있을 경우 발송됩니다. 등)  더 자세한 알림톡 검수 가이드는 딜러사를 통해 확인 부탁드립니다. 감사합니다.","견적 도착 메시지에 대한 알림톡 내용이 수신자의 요청에 의해 발송되는 다발성 메시지인지 확인이 필요하며, 다발성 알림에 대한 동의 내용을 메시지에 추가해야 함.",X,JOBER0411_1655978009812
"안녕하세요 #{수신자명}님! #{이벤트명} 이벤트 당첨을 진심으로 축하드립니다.  ▶ 당첨 경품 : #{당첨 경품} ▶ 당첨 확인 : #{당첨 확인}  경품은 이벤트 신청 시, 개인정보로 작성해주신 정보를 토대로 배송됩니다.  감사합니다.",서비스이용,이용안내/공지,이벤트 당첨 안내,"안녕하세요. 카카오톡 알림톡 검수 담당자 입니다.  이벤트 및 기타 당첨 메시지의 경우, 수신자가 직접 참여 신청하였을 시 발송 가능하오나 상기 메시지 내용만으로는 수신자의 액션이 명확하지 않은 단순 당첨 안내로 확인되어 반려 처리되었습니다. 해당 메시지 수신자가 직접 이벤트를 참여 신청하여 발송되는 메시지라면 수신자액션을 메시지 내 고정값으로 추가하여 주시기 바랍니다. 예 : 응모하신 등   더 자세한 알림톡 검수 가이드는 딜러사를 통해 확인 부탁드립니다. 감사합니다.",메시지 내용이 단순 당첨 안내로 수신자의 액션이 명확하지 않아 반려되었습니다.,X,JOBER0411_1656222154000
안녕하세요. #{수신자명}님. 주문하신 상품의 송장번호가 삭제되었습니다.  ▶택배사: #{택배사} ▶주문번호: #{주문번호} ▶송장번호: #{송장번호}  판매자의 오기입으로 송장번호가 삭제될 수 있습니다. 자세한 문의는 아래 버튼을 클릭해 주세요. 감사합니다.,배송,배송상태,송장번호 삭제 안내,"안녕하세요. 카카오톡 알림톡 검수 담당자입니다.  신청하신 메시지는 텍스트 혼합 이미지형 메시지로 확인되어 아래 간략한 가이드 안내 드립니다.  이미지 내 텍스트는  띄어쓰기 포함 한줄당 최소 4자 이상 최대 10자 이내로 노출되도록 해야합니다.  ※ 안내해드린 가이드를 재확인 하시어 수정 후 검수요청 주시기 바랍니다.  더 자세한 이미지 알림톡 검수 가이드는 딜러사 또는 아래 링크를 통해 확인 부탁드립니다. ㄴ 이미지 제작 가이드 : https://kakaobusiness.gitbook.io/main/ad/bizmessage/notice-friend/content-guide/image  감사합니다.",텍스트 혼합 이미지형 메시지의 텍스트 길이 제한을 지켜야 합니다.,O,JOBER0411_1643003636383
"안녕하세요, #{발신 스페이스}입니다. 고객님의 예약 진행건이 결제기한 만료로 취소되었습니다.  문의사항은 고객센터(☎#{고객센터번호}) 혹은 아래를 클릭해 주세요.",예약,예약취소,결제 기한 만료 안내,"안녕하세요. 카카오톡 알림톡 검수 담당자입니다.  신청하신 메시지는 텍스트 혼합 이미지형 메시지로 확인되어 아래 간략한 가이드 안내 드립니다.  이미지 내 텍스트는 띄어쓰기 포함 한줄당 최소 4자 이상 최대 10자 이내로 노출되도록 해야합니다.  ※ 안내해드린 가이드를 재확인 하시어 수정 후 검수요청 주시기 바랍니다.  더 자세한 이미지 알림톡 검수 가이드는 딜러사 또는 아래 링크를 통해 확인 부탁드립니다. ㄴ 이미지 제작 가이드 : https://kakaobusiness.gitbook.io/main/ad/bizmessage/notice-friend/content-guide/image  감사합니다.","텍스트 혼합 이미지형 메시지에서 이미지 내 텍스트가 한 줄당 4자 이상 10자 이내로 노출되어야 하는데, 해당 조건을 충족하지 못하여 반려되었습니다.","""JOBER0411_1642990750661"",",O
"안녕하세요 #{수신자명}님, 체험학습 신청이 완료 되어 진행 일정 안내해 드립니다.  ▶ 체험 일정 : #{체험 일정} ▶ 체험 장소 : #{체험 장소} ▶ 주의 사항 : #{주의 사항}  일정을 확인하시고 시간 착오 없이 참여해주세요. 감사합니다.",서비스이용,이용안내/공지,체험 학습 신청 안내,"안녕하세요. 카카오톡 알림톡 검수 담당자입니다.
 
 신청하신 메시지는 텍스트 혼합 이미지형 메시지로 확인되어 아래 간략한 가이드 안내 드립니다.
 
 이미지 내 텍스트는 띄어쓰기 포함 한줄당 최소 4자 이상 최대 10자 이내로 노출되도록 해야합니다.
 
 ※ 안내해드린 가이드를 재확인 하시어 수정 후 검수요청 주시기 바랍니다.
 
 더 자세한 이미지 알림톡 검수 가이드는 딜러사 또는 아래 링크를 통해 확인 부탁드립니다.
 ㄴ 이미지 제작 가이드 : https://kakaobusiness.gitbook.io/main/ad/bizmessage/notice-friend/content-guide/image
 
 감사합니다.","텍스트 혼합 이미지형 메시지에서 이미지 내 텍스트가 한 줄당 4자 이상 10자 이내로 노출되어야 하는데, 해당 조건을 충족하지 못하여 반려되었습니다.","""JOBER0411_1656293759208"",",O
"[#{발신 스페이스}] 안녕하세요., #{수신자명}님 렌탈료 청구서가 발행되었습니다.   ▶ 세금계산서 발행 건: #{세금계산서발행} 건 ▶ 총 납부예정 금액: #{납부금액} 원  감사합니다. 자세한 내용은 아래 ""청구서 확인하기"" 를 눌러주세요.",리포팅,요금청구,렌탈료 청구서 안내,"안녕하세요. 카카오톡 알림톡 검수 담당자입니다.  알림톡에서는 금융사고 예방 목적으로 결제/송금/납부 유도 메시지를 허용하지 않고 있으나, 아래 내용이 확인되는 업체에 한하여 가능합니다.  - 금융위원회에 선불전자지급수단발행업, 전자지급결제대행업(PG), 결제대금예치업(ESCROW) 중 2개 이상 등록이 확인된 업체 - 휴대폰 제조사 결제대행업 업체 중 제1금융권의 시중은행 소속의 카드사 연동이 5개 이상 적용된 업체  이에 따라 해당 내용 판단을 위해 <청구서> 링크로 연결되는 페이지의 결제사를 확인할 수 있는 결제 페이지 화면을 캡처하시어 첨부하여 주시기 바랍니다.  * 결제 템플릿 등록 가능 업체의 범위가 확장됨에 따라 가이드가 변경된 점 참고 부탁드립니다.  더 자세한 알림톡 검수 가이드는 딜러사를 통해 확인 부탁드립니다. 감사합니다.",알림톡에서 금융사고 예방 목적 메시지 허용 조건 미달.,X,JOBER0411_1655974114131
"안녕하세요 #{수신자명} 고객님, 개인정보제공동의 내역을 안내드립니다.  ▶동의일자 : #{동의일자} ▶내역 : #{내역}",법적고지,주문/예약,개인정보동의알림,"안녕하세요. 카카오톡 알림톡 검수 담당자입니다.  신청하신 메시지는 텍스트 혼합 이미지형 메시지로 확인되어 아래 간략한 가이드 안내 드립니다.  이미지 내 텍스트는  띄어쓰기 포함 한줄당 최소 4자 이상 최대 10자 이내로 노출되도록 해야합니다.  ※ 안내해드린 가이드를 재확인 하시어 수정 후 검수요청 주시기 바랍니다.  더 자세한 이미지 알림톡 검수 가이드는 딜러사 또는 아래 링크를 통해 확인 부탁드립니다. ㄴ 이미지 제작 가이드 : https://kakaobusiness.gitbook.io/main/ad/bizmessage/notice-friend/content-guide/image  감사합니다.",텍스트 혼합 이미지형 메시지의 텍스트 띄어쓰기와 길이 조건 미달로 반려되었습니다.,O,JOBER0411_1638770162840
"안녕하세요 #{수신자명}님, 코로나 감염 위험 상황에서 보다 안전한 운영을 위하여 입장인원을 제한하고 있으며, 코로나 상황이 종료될 때 까지 지속될 예정입니다.  자세한 사항은  #{발신 스페이스} 에 문의하여 주시기 바랍니다.  감사합니다.",서비스이용,이용안내/공지,운영 안내,"안녕하세요. 카카오톡 알림톡 검수 담당자입니다.  알림톡은 수신자의 액션을 기반한 정보성 메시지에 한하여 발송 가능하오나 상기 메시지 내용만으로는 수신 대상을 명확하게 확인하기 어려워 반려 처리되었습니다. 해당 메시지는 어떠한 상황에서 발송되는 메시지인가요? 메시지를 수신하는 수신자의 어떠한 액션으로 발송되는지 답변 또는 메시지 내 추가하여 주시기 바랍니다.  더 자세한 알림톡 검수 가이드는 딜러사를 통해 확인 부탁드립니다. 감사합니다.",알림톡 내용이 수신 대상을 명확히 확인할 수 없어 반려되었습니다.,X,JOBER0411_1638782874338
"안녕하세요 #{수신자명}님, 상담 가능한 시간을 안내해드립니다.  ▶ 상담 가능 시간: #{상담 가능 시간} ▶ 전화문의: #{전화문의}  아래 버튼을 누르시면 자세한 사항을 확인하실 수 있습니다.",서비스이용,이용안내/공지,상담 문의 안내,"안녕하세요. 카카오톡 알림톡 검수 담당자입니다.  알림톡은 수신자의 액션을 기반한 정보성 메시지에 한하여 발송 가능하오나 상기 메시지 내용만으로는 수신 대상을 명확하게 확인하기 어려워 반려 처리되었습니다. 해당 메시지는 어떠한 상황에서 발송되는 메시지인가요? 메시지를 수신하는 수신자의 어떠한 액션으로 발송되는지 답변 또는 메시지 내 추가하여 주시기 바랍니다. 예 : ~요청하신 등   더 자세한 알림톡 검수 가이드는 딜러사를 통해 확인 부탁드립니다. 감사합니다.",알림톡 내용이 수신 대상을 명확하게 확인하기 어려워 반려되었습니다.,X,JOBER0411_1638842532132
"안녕하세요 #{수신자명}님, #{발신 스페이스}입니다. 고객님이 보유하신 포인트의 만료 기간 안내해 드립니다.  ▶  포인트 만료일: #{포인트 만료일} ▶  소멸예정 포인트: #{소멸예정 포인트}  아래 버튼을 누르시면 자세한 내용을 확인하실 수 있습니다.  ※ 이 메시지는 고객님의 동의에 의해 지급된 포인트 소멸 안내 메시지입니다.",서비스이용,이용안내/공지,포인트 만료 안내,"안녕하세요. 카카오톡 알림톡 검수 담당자 입니다.  쿠폰 및 포인트 소멸 안내는 본 메시지를 발송하는 업체명이 고정값으로 기재되어야 합니다. 해당 메시지 내 발송 업체명을 메시지 본문 또는 부가정보 영역에 고정값으로 추가하여 주시기 바랍니다.  더 자세한 알림톡 검수 가이드는 딜러사를 통해 확인 부탁드립니다. 감사합니다.",업체명이 고정값으로 기재되지 않아서 반려되었습니다.,X,JOBER0411_1650508115684
"안녕하세요 #{수신자명}님, #{발신 스페이스} 이용에 감사드립니다.  사전 신청하신 신규 서비스가 출시되어 안내 드립니다.  ▶ 서비스 : #{서비스} ▶ 출시일 : #{출시일}  자세한 내용은 홈페이지에서 확인해주세요. 감사합니다.",서비스이용,이용안내/공지,신규 서비스 출시 안내,"안녕하세요. 카카오톡 알림톡 검수 담당자입니다.  알림톡은 어뷰징 우려가 없는 정보성 메시지에 한하여 발송 가능하오나 해당 메시지는 오픈 내용은 확인되나 어떤 출시에 대한 안내인지 고정값이 부족하여 정확한 메시지 발송 목적을 확인하기 어려워 반려 처리되었습니다.  따라서 메시지 출시 내용에 대한 고정값(타이틀)을 추가로 기재하여 주시기 바라며 만약 발송하시려는 내용이 다양함에 따라 고정값으로 기재가 어려우시다면 발송 목적별로 템플릿을 분리하시어 등록 부탁드립니다. 예 : ○○○출시 알림 / 오픈 알림을 신청하신 ○○○ 서비스 출시를 알려드려요!  *참고로 수신자가 요청하였더라도 이벤트 및 특정혜택 오픈/출시알림 메시지는 광고성으로 발송 불가한 점 수정에 참고해 주시기 바랍니다.  더 자세한 알림톡 검수 가이드는 딜러사를 통해 확인 부탁드립니다. 감사합니다.",고정값(타이틀)이 부족하여 메시지 발송 목적을 확인하기 어려워 반려되었습니다.,X,JOBER0411_1656053408056
"안녕하세요 #{수신자명}님, 경조사 일정을 알려드립니다.  ▶ 경조유형 : #{경조유형} ▶ 경조일시 : #{경조일시} ▶ 경조내역 : #{경조내역}",예약,예약완료,임직원 경조사 알림,"안녕하세요. 카카오톡 알림톡 검수 담당자입니다.  부고 관련 메시지는 사내에서 직원을 대상으로 발송되는 메시지만 가능합니다. 신청하신 메시지와 같이 사내직원이 아닌 지인, 친척 등 특정되지 않는 다수에게 발송되는 부고 안내는 알림톡 발송이 불가합니다. 만약 사내 임직원 발송용 부고 메시지일 경우, 메시지 내 사내용 메시지임이 확인되는 고정값을 추가하여 주시기 바랍니다. (예: [임직원 부고알림] 등)  더 자세한 알림톡 검수 가이드는 딜러사를 통해 확인 부탁드립니다. 감사합니다.",부고 관련 메시지는 사내에서 직원을 대상으로 발송되는 메시지만 가능합니다.,X,JOBER0411_1638939192499
"안녕하세요 #{수신자명}님, 경조사 안내해 드립니다.  ▶ 경조사 : #{경조사} ▶ 일시 : #{일시} ▶ 오시는 길 : #{오시는 길} ▶ 유의사항 : #{유의사항}  유의사항을 확인하시고, 참석 부탁드립니다. 감사합니다.",서비스이용,이용안내/공지,경조사 안내,"안녕하세요. 카카오톡 알림톡 검수 담당자입니다.  부고 관련 메시지의 경우, 사내 임직원 발송용 메시지에 한하여 발송 가능합니다. 만약 사내 임직원 발송용 부고 메시지일 경우, 메시지내 사내용 메시지임이 확인되는 고정값을 추가하여 주시기 바랍니다. (예: [임직원 부고알림] 등)  더 자세한 알림톡 검수 가이드는 딜러사를 통해 확인 부탁드립니다. 감사합니다.","부고 관련 메시지는 사내 임직원에게만 발송 가능하며, 사내용 메시지임을 확인시키는 고정값이 필요합니다.",X,JOBER0411_1656220658196
"안녕하세요 #{수신자명}님, 고객님의 지난 예약 정보를 안내해드리며, 재예약을 원하시면 아래의 버튼을 클릭해 주세요.  ▶ 환자명: #{환자명}  ▶ 지난예약: #{지난예약}",예약,예약완료,재예약 안내,"안녕하세요. 카카오톡 알림톡 검수 담당자입니다.  알림톡은 수신자의 액션을 기반한 정보성 메시지에 한하여 발송 가능합니다. 허나 해당 메시지는 수신자가 요청하지 않은 리마인드 내용으로 광고성 및 공지성 메시지에 해당함에 따라 알림톡 발송 불가합니다. 만약 수신자의 요청으로 인해 발송하는 메시지일 경우 메시지 내 관련 내용을 고정값으로 기재해 주시기 바랍니다.  더 자세한 알림톡 검수 가이드는 딜러사를 통해 확인 부탁드립니다. 감사합니다.",알림톡 발송 불가: 광고성 및 공지성 메시지로 수신자 요청 없음.,X,JOBER0411_1638775580817
"안녕하세요, #{발신 스페이스}입니다. 고객님의 예약 진행건이 결제기한 만료로 취소되었습니다.  문의사항은 고객센터(☎#{고객센터번호}) 혹은 아래를 클릭해 주세요.",예약,예약취소,결제 기한 만료 안내,"안녕하세요. 카카오톡 알림톡 검수 담당자입니다.  신청하신 메시지는 텍스트 혼합 이미지형 메시지로 확인되어 아래 간략한 가이드 안내 드립니다.  이미지 내 텍스트는 띄어쓰기 포함 한줄당 최소 4자 이상 최대 10자 이내로 노출되도록 해야합니다.  ※ 안내해드린 가이드를 재확인 하시어 수정 후 검수요청 주시기 바랍니다.  더 자세한 이미지 알림톡 검수 가이드는 딜러사 또는 아래 링크를 통해 확인 부탁드립니다. ㄴ 이미지 제작 가이드 : https://kakaobusiness.gitbook.io/main/ad/bizmessage/notice-friend/content-guide/image  감사합니다.",텍스트 혼합 이미지형 메시지의 텍스트 길이 제한을 지키지 않아서 반려되었습니다.,O,JOBER0411_1642990750661
"안녕하세요 #{수신자명}님, 체험학습 신청이 완료 되어 진행 일정 안내해 드립니다.  ▶ 체험 일정 : #{체험 일정} ▶ 체험 장소 : #{체험 장소} ▶ 주의 사항 : #{주의 사항}  일정을 확인하시고 시간 착오 없이 참여해주세요. 감사합니다.",서비스이용,방문서비스,체험 학습 신청 안내,"안녕하세요. 카카오톡 알림톡 검수 담당자입니다.  신청하신 메시지는 텍스트 혼합 이미지형 메시지로 확인되어 아래 간략한 가이드 안내 드립니다.  이미지 내 텍스트는 띄어쓰기 포함 한줄당 최소 4자 이상 최대 10자 이내로 노출되도록 해야합니다.  ※ 안내해드린 가이드를 재확인 하시어 수정 후 검수요청 주시기 바랍니다.  더 자세한 이미지 알림톡 검수 가이드는 딜러사 또는 아래 링크를 통해 확인 부탁드립니다. ㄴ 이미지 제작 가이드 : https://kakaobusiness.gitbook.io/main/ad/bizmessage/notice-friend/content-guide/image  감사합니다.",메시지가 텍스트 혼합 이미지형이며 이미지 내 텍스트가 가이드에 맞지 않아 반려되었습니다.,O,JOBER0411_1656293759208
"#{수신자명} 고객님, #{월}월 우수고객으로 선정되셨네요.  감사의 의미로 우수고객 회원님들께만 발급된 혜택 안내드립니다.  ▶혜택 : #{혜택} ▶사용 기한 : #{사용 기한}  놓치지 말고 혜택을 누리세요.",서비스이용,이용안내/공지,우수고객 선정 알림,"안녕하세요. 카카오톡 알림톡 검수 담당자입니다.  혜택 지급(쿠폰, 적립금, 사은품 등)메시지는 수신자의 액션에 의해 지급/증정된 것에 한하여 발송 가능합니다. 허나 신청하신 메시지는 특정 고객에게 사업자가 일괄지급하는 혜택 메시지로 이는 광고성 메시지에 해당함에 따라 알림톡 발송이 불가합니다.  더 자세한 알림톡 검수 가이드는 딜러사를 통해 확인 부탁드립니다. 감사합니다.","혜택 지급 메시지는 수신자의 액션에 의해 지급되어야 하지만, 이 메시지는 광고성 메시지로 알림톡 발송이 불가능합니다.",X,JOBER0411_1642750905896
"안녕하세요 #{수신자명}님, 회원 탈퇴 처리가 완료되었습니다.  ▶ 아이디 : #{아이디}  그동안 이용해주셔서 감사합니다.",회원,회원가입,회원 탈퇴 안내1,"안녕하세요. 카카오톡 알림톡 검수 담당자입니다.  알림톡은 정보성 메시지에 한하여 발송이 가능하오나 해당 메시지의 미리보기 메시지 확인시 발송목적에 해당하는 내용이 기재되어 있지 않아 메시지 재확인 요청 및 미리보기 내용 수정바랍니다. * 테스트 메시지일 경우 메시지 내 '테스트(test)'를 고정값으로 기재하여 주시기 바랍니다.  더 자세한 알림톡 검수 가이드는 딜러사를 통해 확인 부탁드립니다. 감사합니다.",미리보기 메시지 확인시 발송목적에 해당하는 내용이 기재되어 있지 않아 메시지 재확인 요청 및 미리보기 내용 수정이 필요합니다.,X,IBWINGO3940_16562216403591
■ #{제목}  > #{발신 스페이스}에서 발송한 문서를 확인해 주세요.  #{추가 메시지}  #{수신거부 - 수신거부링크},서비스이용,이용안내/공지,(공용/수신거부) 문서 도착 알림__이미지형_06,"안녕하세요. 카카오톡 알림톡 검수 담당자입니다.  알림톡은 어뷰징 우려가 없는 정보성 메시지에 한하여 발송 가능합니다. 허나 해당 메시지 확인 시 발송 목적이 확인되는 문구들이 변수 내용으로 기재되어 어뷰징 우려가 확인됩니다. 따라서 어뷰징 요소가 없도록 발송 목적에 대한 최소한의 고정값을 추가하여 주시기 바랍니다.  * 해당 메시지로 다양한 수신자에게 발송함에 따라 변수 내용 수정이 어려우실 경우 메시지 발송 목적별로 템플릿 추가 세팅을 요청드립니다.  더 자세한 알림톡 검수 가이드는 딜러사를 통해 확인 부탁드립니다. 감사합니다.",변수 내용으로 어뷰징 우려가 확인되어 발송 목적에 대한 최소한의 고정값 추가 요청.,X,doc_received_r_img_06
"안녕하세요, 봉국어학원입니다. 학원 공지사항 전달드립니다.  ▶ 공지 : #{제목}",서비스이용,이용안내/공지,(전용) 공지사항 전달_이미지형_01 / 봉국어학원,"안녕하세요. 카카오톡 알림톡 검수 담당자입니다.  1.  알림톡은 어뷰징 우려가 없는 정보성 메시지에 한하여 발송 가능하오나,  '알림장'은 구체적이지 않은 광범위한 말머리로 어뷰징 우려가 존재하여 알림톡 발송이 불가합니다.    따라서 메시지 발송 목적이 명확하게 확인 가능하도록 보다 구체적인 말머리 및 내용을 고정값으로 추가 기재 요청드리며  만약 발송하시려는 내용이 다양함에 따라 고정값으로 기재 어려우실 경우, 발송 목적별로 템플릿을 분리하시어 추가 등록 부탁드립니다.    참고 예시▼  [#{학원명} 시간표 알림]  2. 신청하신 메시지는 텍스트 혼합 이미지형 메시지로 수정이 필요한 부분이 확인되어 아래 간략한 가이드 안내 드립니다. - 텍스트 영역은 좌측 상단, 좌측정렬 고정이며, 가로 540x 세로240px, 좌측여백 36px, 상단 여백42px, 행간74을 준수하여야 합니다.  더 자세한 이미지 알림톡 검수 가이드는 딜러사 또는 아래 링크를 통해 확인 부탁드립니다. ㄴ 이미지 제작 가이드 : https://kakaobusiness.gitbook.io/main/ad/bizmessage/notice-friend/content-guide/image  감사합니다. 안녕하세요. 카카오톡 알림톡 검수 담당자입니다.  알림톡은 어뷰징 우려가 없는 정보성 메시지에 한하여 발송 가능하오나, '알림장'은 구체적이지 않은 광범위한 말머리로 어뷰징 우려가 존재하여 알림톡 발송이 불가합니다.  따라서 메시지 발송 목적이 명확하게 확인 가능하도록 보다 구체적인 말머리 및 내용을 고정값으로 추가 기재 요청드리며 만약 발송하시려는 내용이 다양함에 따라 고정값으로 기재 어려우실 경우, 발송 목적별로 템플릿을 분리하시어 추가 등록 부탁드립니다.  참고 예시▼ [#{학원명} 시간표 알림]  더 자세한 이미지 알림톡 검수 가이드는 딜러사를 통해 확인 부탁드립니다. 감사합니다.",반려 사유 요약: 1. '알림장' 메시지가 구체적이지 않고 어뷰징 우려가 있어 발송 불가 2. 텍스트 혼합 이미지형 메시지의 텍스트 영역 및 사이즈 조건 미준수,"""c0014_class_noti_img_01""",O
,,,,,,,
,,,,,,,
,,,,,,,
,,,,,,,
,,,,,,,
,,,,,,,
,,,,,,,
,,,,,,,
,,,,,,,
,,,,,,,
,,,,,,,
,,,,,,,
,,,,,,,
,,,,,,,
,,,,,,,
,,,,,,,
,,,,,,,
,,,,,,,
,,,,,,,
,,,,,,,
,,,,,,,
,,,,,,,
,,,,,,,
,,,,,,,
,,,,,,,
,,,,,,,
,,,,,,,
,,,,,,,
,,,,,,,
,,,,,,,
,,,,,,,
,,,,,,,
,,,,,,,
,,,,,,,
,,,,,,,
,,,,,,,
,,,,,,,
,,,,,,,
,,,,,,,
,,,,,,,
,,,,,,,
,,,,,,,
,,,,,,,
,,,,,,,
,,,,,,,
,,,,,,,
,,,,,,,
,,,,,,,
,,,,,,,
,,,,,,,
,,,,,,,
,,,,,,,
,,,,,,,
,,,,,,,
,,,,,,,
,,,,,,,
,,,,,,,
,,,,,,,
,,,,,,,
,,,,,,,
,,,,,,,
,,,,,,,
,,,,,,,
,,,,,,,
,,,,,,,
,,,,,,,
,,,,,,,
,,,,,,,
,,,,,,,
,,,,,,,
,,,,,,,
,,,,,,,
,,,,,,,
,,,,,,,
,,,,,,,
,,,,,,,
,,,,,,,
,,,,,,,
,,,,,,,
,,,,,,,
,,,,,,,
,,,,,,,
,,,,,,,
,,,,,,,
,,,,,,,
,,,,,,,
,,,,,,,
,,,,,,,
,,,,,,,
,,,,,,,
,,,,,,,
,,,,,,,
,,,,,,,
,,,,,,,
,,,,,,,
,,,,,,,
,,,,,,,
,,,,,,,
,,,,,,,
,,,,,,,
,,,,,,,
,,,,,,,
,,,,,,,
,,,,,,,
,,,,,,,
,,,,,,,
,,,,,,,
,,,,,,,
,,,,,,,
,,,,,,,
,,,,,,,
,,,,,,,
,,,,,,,
,,,,,,,
,,,,,,,
,,,,,,,
,,,,,,,
,,,,,,,
,,,,,,,
,,,,,,,
,,,,,,,
,,,,,,,
,,,,,,,
,,,,,,,
,,,,,,,
,,,,,,,
,,,,,,,
,,,,,,,
,,,,,,,
,,,,,,,
,,,,,,,
,,,,,,,
,,,,,,,
,,,,,,,
,,,,,,,
,,,,,,,
,,,,,,,
,,,,,,,
,,,,,,,
,,,,,,,
,,,,,,,
,,,,,,,
,,,,,,,
,,,,,,,
,,,,,,,
,,,,,,,
,,,,,,,
,,,,,,,
,,,,,,,
,,,,,,,
,,,,,,,
,,,,,,,
,,,,,,,
,,,,,,,
,,,,,,,
,,,,,,,
,,,,,,,
,,,,,,,
,,,,,,,
,,,,,,,
,,,,,,,
,,,,,,,
,,,,,,,
,,,,,,,
,,,,,,,
,,,,,,,
,,,,,,,
,,,,,,,
,,,,,,,
,,,,,,,
,,,,,,,
,,,,,,,
,,,,,,,
,,,,,,,
,,,,,,,
,,,,,,,
,,,,,,,
,,,,,,,
,,,,,,,
,,,,,,,
,,,,,,,
,,,,,,,
,,,,,,,
,,,,,,,
,,,,,,,
,,,,,,,
,,,,,,,
,,,,,,,
,,,,,,,
,,,,,,,
,,,,,,,
,,,,,,,
,,,,,,,
,,,,,,,
,,,,,,,
,,,,,,,
,,,,,,,
,,,,,,,
,,,,,,,
,,,,,,,
,,,,,,,
,,,,,,,
,,,,,,,
,,,,,,,
,,,,,,,
,,,,,,,
,,,,,,,
,,,,,,,
,,,,,,,
,,,,,,,
,,,,,,,
,,,,,,,
,,,,,,,
,,,,,,,
,,,,,,,
,,,,,,,
,,,,,,,
,,,,,,,
,,,,,,,
,,,,,,,
,,,,,,,
,,,,,,,
,,,,,,,
,,,,,,,
,,,,,,,
,,,,,,,
,,,,,,,
,,,,,,,
,,,,,,,
,,,,,,,
,,,,,,,
,,,,,,,
,,,,,,,
,,,,,,,
,,,,,,,
,,,,,,,
,,,,,,,
,,,,,,,
,,,,,,,
,,,,,,,
,,,,,,,
,,,,,,,
,,,,,,,
,,,,,,,
,,,,,,,
,,,,,,,
,,,,,,,
,,,,,,,
,,,,,,,
,,,,,,,
,,,,,,,
,,,,,,,
,,,,,,,
,,,,,,,
,,,,,,,
,,,,,,,
,,,,,,,
,,,,,,,
,,,,,,,
,,,,,,,
,,,,,,,
,,,,,,,
,,,,,,,
,,,,,,,
,,,,,,,
,,,,,,,
,,,,,,,
,,,,,,,
,,,,,,,
,,,,,,,
,,,,,,,
,,,,,,,
,,,,,,,
,,,,,,,
,,,,,,,
,,,,,,,
,,,,,,,
,,,,,,,
,,,,,,,
,,,,,,,
,,,,,,,
,,,,,,,
,,,,,,,
,,,,,,,
,,,,,,,
,,,,,,,
,,,,,,,
,,,,,,,
,,,,,,,
,,,,,,,
,,,,,,,
,,,,,,,
,,,,,,,
,,,,,,,
,,,,,,,
,,,,,,,
,,,,,,,
,,,,,,,
,,,,,,,
,,,,,,,
,,,,,,,
,,,,,,,
,,,,,,,
,,,,,,,
,,,,,,,
,,,,,,,
,,,,,,,
,,,,,,,
,,,,,,,
,,,,,,,
,,,,,,,
,,,,,,,
,,,,,,,
,,,,,,,
,,,,,,,
,,,,,,,
,,,,,,,
,,,,,,,
,,,,,,,
,,,,,,,
,,,,,,,
,,,,,,,
,,,,,,,
,,,,,,,
,,,,,,,
,,,,,,,
,,,,,,,
,,,,,,,
,,,,,,,
,,,,,,,
,,,,,,,
,,,,,,,
,,,,,,,
,,,,,,,
,,,,,,,
,,,,,,,
,,,,,,,
,,,,,,,
,,,,,,,
,,,,,,,
,,,,,,,
,,,,,,,
,,,,,,,
,,,,,,,
,,,,,,,
,,,,,,,
,,,,,,,
,,,,,,,
,,,,,,,
,,,,,,,
,,,,,,,
,,,,,,,
,,,,,,,
,,,,,,,
,,,,,,,
,,,,,,,
,,,,,,,
,,,,,,,
,,,,,,,
,,,,,,,
,,,,,,,
,,,,,,,
,,,,,,,
,,,,,,,
,,,,,,,
,,,,,,,
,,,,,,,
,,,,,,,
,,,,,,,
,,,,,,,
,,,,,,,
,,,,,,,
,,,,,,,
,,,,,,,
,,,,,,,
,,,,,,,
,,,,,,,
,,,,,,,
,,,,,,,
,,,,,,,
,,,,,,,
,,,,,,,
,,,,,,,
,,,,,,,
,,,,,,,
,,,,,,,
,,,,,,,
,,,,,,,
,,,,,,,
,,,,,,,
,,,,,,,
,,,,,,,
,,,,,,,
,,,,,,,
,,,,,,,
,,,,,,,
,,,,,,,
,,,,,,,
,,,,,,,
,,,,,,,
,,,,,,,
,,,,,,,
,,,,,,,
,,,,,,,
,,,,,,,
,,,,,,,
,,,,,,,
,,,,,,,
,,,,,,,
,,,,,,,
,,,,,,,
,,,,,,,
,,,,,,,
,,,,,,,
,,,,,,,
,,,,,,,
,,,,,,,
,,,,,,,
,,,,,,,
,,,,,,,
,,,,,,,
,,,,,,,
,,,,,,,
,,,,,,,
,,,,,,,
,,,,,,,
,,,,,,,
,,,,,,,
,,,,,,,
,,,,,,,
,,,,,,,
,,,,,,,
,,,,,,,
,,,,,,,
,,,,,,,
,,,,,,,
,,,,,,,
,,,,,,,
,,,,,,,
,,,,,,,
,,,,,,,
,,,,,,,
,,,,,,,
,,,,,,,
,,,,,,,
,,,,,,,
,,,,,,,
,,,,,,,
,,,,,,,
,,,,,,,
,,,,,,,
,,,,,,,
,,,,,,,
,,,,,,,
,,,,,,,
,,,,,,,
,,,,,,,
,,,,,,,
,,,,,,,
,,,,,,,
,,,,,,,
,,,,,,,
,,,,,,,
,,,,,,,
,,,,,,,
,,,,,,,
,,,,,,,
,,,,,,,
,,,,,,,
,,,,,,,
,,,,,,,
,,,,,,,
,,,,,,,
,,,,,,,
,,,,,,,
,,,,,,,
,,,,,,,
,,,,,,,
,,,,,,,
,,,,,,,
,,,,,,,
,,,,,,,
,,,,,,,
,,,,,,,
,,,,,,,
,,,,,,,
,,,,,,,
,,,,,,,
,,,,,,,
,,,,,,,
,,,,,,,
,,,,,,,
,,,,,,,
,,,,,,,
,,,,,,,
,,,,,,,
,,,,,,,
,,,,,,,
,,,,,,,
,,,,,,,
,,,,,,,
,,,,,,,
,,,,,,,
,,,,,,,
,,,,,,,
,,,,,,,
,,,,,,,
,,,,,,,
,,,,,,,
,,,,,,,
,,,,,,,
,,,,,,,
,,,,,,,
,,,,,,,
,,,,,,,
,,,,,,,
,,,,,,,
,,,,,,,
,,,,,,,
,,,,,,,
,,,,,,,
,,,,,,,
,,,,,,,
,,,,,,,
,,,,,,,
,,,,,,,
,,,,,,,
,,,,,,,
,,,,,,,
,,,,,,,
,,,,,,,
,,,,,,,
,,,,,,,
,,,,,,,
,,,,,,,
,,,,,,,
,,,,,,,
,,,,,,,
,,,,,,,
,,,,,,,
,,,,,,,
,,,,,,,
,,,,,,,
,,,,,,,
,,,,,,,
,,,,,,,
,,,,,,,
,,,,,,,
,,,,,,,
,,,,,,,
,,,,,,,
,,,,,,,
,,,,,,,
,,,,,,,
,,,,,,,
,,,,,,,
,,,,,,,
,,,,,,,
,,,,,,,
,,,,,,,
,,,,,,,
,,,,,,,
,,,,,,,
,,,,,,,
,,,,,,,
,,,,,,,
,,,,,,,
,,,,,,,
,,,,,,,
,,,,,,,
,,,,,,,
,,,,,,,
,,,,,,,
,,,,,,,
,,,,,,,
,,,,,,,
,,,,,,,
,,,,,,,
,,,,,,,
,,,,,,,
,,,,,,,
,,,,,,,
,,,,,,,
,,,,,,,
,,,,,,,
,,,,,,,
,,,,,,,
,,,,,,,
,,,,,,,
,,,,,,,
,,,,,,,
,,,,,,,
,,,,,,,
,,,,,,,
,,,,,,,
,,,,,,,
,,,,,,,
,,,,,,,
,,,,,,,
,,,,,,,
,,,,,,,
,,,,,,,
,,,,,,,
,,,,,,,
,,,,,,,
,,,,,,,
,,,,,,,
,,,,,,,
,,,,,,,
,,,,,,,
,,,,,,,
,,,,,,,
,,,,,,,
,,,,,,,
,,,,,,,
,,,,,,,
,,,,,,,
,,,,,,,
,,,,,,,
,,,,,,,
,,,,,,,
,,,,,,,
,,,,,,,
,,,,,,,
,,,,,,,
,,,,,,,
,,,,,,,
,,,,,,,
,,,,,,,
,,,,,,,
,,,,,,,
,,,,,,,
,,,,,,,
,,,,,,,
,,,,,,,
,,,,,,,
,,,,,,,
,,,,,,,
,,,,,,,
,,,,,,,
,,,,,,,
,,,,,,,
,,,,,,,
,,,,,,,
,,,,,,,
,,,,,,,
,,,,,,,
,,,,,,,
,,,,,,,
,,,,,,,
,,,,,,,
,,,,,,,
,,,,,,,
,,,,,,,
,,,,,,,
,,,,,,,
,,,,,,,
,,,,,,,
,,,,,,,
,,,,,,,
,,,,,,,
,,,,,,,
,,,,,,,
,,,,,,,
,,,,,,,
,,,,,,,
,,,,,,,
,,,,,,,
,,,,,,,
,,,,,,,
,,,,,,,
,,,,,,,
,,,,,,,
,,,,,,,
,,,,,,,
,,,,,,,
,,,,,,,
,,,,,,,
,,,,,,,
,,,,,,,
,,,,,,,
,,,,,,,
,,,,,,,
,,,,,,,
,,,,,,,
,,,,,,,
,,,,,,,
,,,,,,,
,,,,,,,
,,,,,,,
,,,,,,,
,,,,,,,
,,,,,,,
,,,,,,,
,,,,,,,
,,,,,,,
,,,,,,,
,,,,,,,
,,,,,,,
,,,,,,,
,,,,,,,
,,,,,,,
,,,,,,,
,,,,,,,
,,,,,,,
,,,,,,,
,,,,,,,
,,,,,,,
,,,,,,,
,,,,,,,
,,,,,,,
,,,,,,,
,,,,,,,
,,,,,,,
,,,,,,,
,,,,,,,
,,,,,,,
,,,,,,,
,,,,,,,
,,,,,,,
,,,,,,,
,,,,,,,
,,,,,,,
,,,,,,,
,,,,,,,
,,,,,,,
,,,,,,,
,,,,,,,
,,,,,,,
,,,,,,,
,,,,,,,
,,,,,,,
,,,,,,,
,,,,,,,
,,,,,,,
,,,,,,,
,,,,,,,
,,,,,,,
,,,,,,,
,,,,,,,
,,,,,,,
,,,,,,,
,,,,,,,
,,,,,,,
,,,,,,,
,,,,,,,
,,,,,,,
,,,,,,,
,,,,,,,
,,,,,,,
,,,,,,,
,,,,,,,
,,,,,,,
,,,,,,,
,,,,,,,
,,,,,,,
,,,,,,,
,,,,,,,
,,,,,,,
,,,,,,,
,,,,,,,
,,,,,,,
,,,,,,,
,,,,,,,
,,,,,,,
,,,,,,,
,,,,,,,
,,,,,,,
,,,,,,,
,,,,,,,
,,,,,,,
,,,,,,,
,,,,,,,
,,,,,,,
,,,,,,,
,,,,,,,
,,,,,,,
,,,,,,,
,,,,,,,
,,,,,,,
,,,,,,,
,,,,,,,
,,,,,,,
,,,,,,,
,,,,,,,
,,,,,,,
,,,,,,,
,,,,,,,
,,,,,,,
,,,,,,,
,,,,,,,
,,,,,,,
,,,,,,,
,,,,,,,
,,,,,,,
,,,,,,,
,,,,,,,
,,,,,,,
,,,,,,,
,,,,,,,
,,,,,,,
,,,,,,,
,,,,,,,
,,,,,,,
,,,,,,,
,,,,,,,
,,,,,,,
,,,,,,,
,,,,,,,
,,,,,,,
,,,,,,,
,,,,,,,
,,,,,,,
,,,,,,,
,,,,,,,
,,,,,,,
,,,,,,,
,,,,,,,
,,,,,,,
,,,,,,,
,,,,,,,
,,,,,,,
,,,,,,,
,,,,,,,
,,,,,,,
,,,,,,,
,,,,,,,
,,,,,,,
,,,,,,,
,,,,,,,
,,,,,,,
,,,,,,,
,,,,,,,
,,,,,,,
,,,,,,,
,,,,,,,
,,,,,,,
,,,,,,,
,,,,,,,
,,,,,,,
,,,,,,,
,,,,,,,
,,,,,,,
,,,,,,,
,,,,,,,
,,,,,,,
,,,,,,,
,,,,,,,
,,,,,,,
,,,,,,,
,,,,,,,
,,,,,,,
,,,,,,,
,,,,,,,
,,,,,,,
,,,,,,,
,,,,,,,
,,,,,,,
,,,,,,,
,,,,,,,
,,,,,,,
,,,,,,,
,,,,,,,
,,,,,,,
,,,,,,,
,,,,,,,
,,,,,,,
,,,,,,,
,,,,,,,
,,,,,,,
,,,,,,,
,,,,,,,
,,,,,,,
,,,,,,,
,,,,,,,
,,,,,,,
,,,,,,,
,,,,,,,
,,,,,,,
,,,,,,,
,,,,,,,
,,,,,,,
,,,,,,,
,,,,,,,
,,,,,,,
,,,,,,,
,,,,,,,
,,,,,,,
,,,,,,,
,,,,,,,
,,,,,,,
,,,,,,,
,,,,,,,
,,,,,,,
,,,,,,,
,,,,,,,
,,,,,,,
,,,,,,,
,,,,,,,
,,,,,,,
,,,,,,,
,,,,,,,
,,,,,,,
,,,,,,,
,,,,,,,
,,,,,,,
,,,,,,,
,,,,,,,
,,,,,,,
,,,,,,,
,,,,,,,
,,,,,,,
,,,,,,,
,,,,,,,
,,,,,,,
,,,,,,,
,,,,,,,
,,,,,,,
,,,,,,,
,,,,,,,
,,,,,,,
,,,,,,,
,,,,,,,
,,,,,,,
,,,,,,,
,,,,,,,
,,,,,,,
,,,,,,,
,,,,,,,
,,,,,,,
,,,,,,,
,,,,,,,
,,,,,,,
,,,,,,,
,,,,,,,
,,,,,,,
,,,,,,,
,,,,,,,
,,,,,,,
,,,,,,,
,,,,,,,
,,,,,,,
,,,,,,,
,,,,,,,
,,,,,,,
,,,,,,,
,,,,,,,
,,,,,,,
,,,,,,,
,,,,,,,
,,,,,,,
,,,,,,,
■ #{제목}  #{추가 메시지}  > #{수신자}님께 온 문서를 확인해 주세요.  #{수신거부 - 수신거부링크},서비스이용,이용안내/공지,(공용/수신거부) 문서 도착 알림__이미지형_05,"안녕하세요. 카카오톡 알림톡 검수 담당자입니다.  알림톡은 어뷰징 우려가 없는 정보성 메시지에 한하여 발송 가능합니다. 허나 해당 메시지 확인 시 발송 목적이 확인되는 문구들이 변수 내용으로 기재되어 어뷰징 우려가 확인됩니다. 따라서 어뷰징 요소가 없도록 발송 목적에 대한 최소한의 고정값을 추가하여 주시기 바랍니다.  * 해당 메시지로 다양한 수신자에게 발송함에 따라 변수 내용 수정이 어려우실 경우 메시지 발송 목적별로 템플릿 추가 세팅을 요청드립니다.  더 자세한 알림톡 검수 가이드는 딜러사를 통해 확인 부탁드립니다. 감사합니다.",변수 내용으로 어뷰징 우려가 확인되어 발송 목적에 대한 최소한의 고정값 추가 요청.,X,doc_received_r_img_05
■ #{제목}  #{추가 메시지}  > #{발신 스페이스}에서 발송한 문서를 확인해 주세요.  #{수신거부 - 수신거부링크},서비스이용,이용안내/공지,(공용/수신거부) 문서 도착 알림__이미지형_04,"안녕하세요. 카카오톡 알림톡 검수 담당자입니다.  알림톡은 어뷰징 우려가 없는 정보성 메시지에 한하여 발송 가능합니다. 허나 해당 메시지 확인 시 발송 목적이 확인되는 문구들이 변수 내용으로 기재되어 어뷰징 우려가 확인됩니다. 따라서 어뷰징 요소가 없도록 발송 목적에 대한 최소한의 고정값을 추가하여 주시기 바랍니다.  * 해당 메시지로 다양한 수신자에게 발송함에 따라 변수 내용 수정이 어려우실 경우 메시지 발송 목적별로 템플릿 추가 세팅을 요청드립니다.  더 자세한 알림톡 검수 가이드는 딜러사를 통해 확인 부탁드립니다. 감사합니다.",변수 내용으로 어뷰징 우려가 확인되어 발송 목적에 대한 최소한의 고정값 추가 요청.,X,doc_received_r_img_04
"■ #{제목}  #{추가 메시지}  > #{수신자}님, #{발신 스페이스}에서 보낸 문서를 확인해 주세요.  #{수신거부 - 수신거부링크}",서비스이용,이용안내/공지,(공용/수신거부) 문서 도착 알림__이미지형_03,"안녕하세요. 카카오톡 알림톡 검수 담당자입니다.  알림톡은 어뷰징 우려가 없는 정보성 메시지에 한하여 발송 가능합니다. 허나 해당 메시지 확인 시 발송 목적이 확인되는 문구들이 변수 내용으로 기재되어 어뷰징 우려가 확인됩니다. 따라서 어뷰징 요소가 없도록 발송 목적에 대한 최소한의 고정값을 추가하여 주시기 바랍니다.  * 해당 메시지로 다양한 수신자에게 발송함에 따라 변수 내용 수정이 어려우실 경우 메시지 발송 목적별로 템플릿 추가 세팅을 요청드립니다.  더 자세한 알림톡 검수 가이드는 딜러사를 통해 확인 부탁드립니다. 감사합니다.",변수 내용으로 기재된 발송 목적이 확인되어 어뷰징 우려가 있어서 반려되었습니다.,X,doc_received_r_img_03
"> #{수신자}님, #{발신 스페이스}에서 보낸 문서를 확인해 주세요.  ■ #{제목}  #{추가 메시지}  #{수신거부 - 수신거부링크}",서비스이용,이용안내/공지,(공용/수신거부) 문서 도착 알림__이미지형_02,"안녕하세요. 카카오톡 알림톡 검수 담당자입니다.  알림톡은 어뷰징 우려가 없는 정보성 메시지에 한하여 발송 가능합니다. 허나 해당 메시지 확인 시 발송 목적이 확인되는 문구들이 변수 내용으로 기재되어 어뷰징 우려가 확인됩니다. 따라서 어뷰징 요소가 없도록 발송 목적에 대한 최소한의 고정값을 추가하여 주시기 바랍니다.  * 해당 메시지로 다양한 수신자에게 발송함에 따라 변수 내용 수정이 어려우실 경우 메시지 발송 목적별로 템플릿 추가 세팅을 요청드립니다.  더 자세한 알림톡 검수 가이드는 딜러사를 통해 확인 부탁드립니다. 감사합니다.",변수 내용으로 기재된 발송 목적이 확인되어 어뷰징 우려가 있으므로 최소한의 고정값을 추가해야 합니다.,X,doc_received_r_img_02
■ 발신 : #{발신 스페이스} ■ 제목 : #{제목}  #{수신자}님께 온 문서를 확인해 주세요.  #{추가 메시지}  #{수신거부 - 수신거부링크},서비스이용,이용안내/공지,(공용/수신거부) 문서 도착 알림__이미지형_01,"안녕하세요. 카카오톡 알림톡 검수 담당자입니다.  알림톡은 어뷰징 우려가 없는 정보성 메시지에 한하여 발송 가능합니다. 허나 해당 메시지 확인 시 발송 목적이 확인되는 문구들이 변수 내용으로 기재되어 어뷰징 우려가 확인됩니다. 따라서 어뷰징 요소가 없도록 발송 목적에 대한 최소한의 고정값을 추가하여 주시기 바랍니다.  * 해당 메시지로 다양한 수신자에게 발송함에 따라 변수 내용 수정이 어려우실 경우 메시지 발송 목적별로 템플릿 추가 세팅을 요청드립니다.  더 자세한 알림톡 검수 가이드는 딜러사를 통해 확인 부탁드립니다. 감사합니다.",변수 내용으로 어뷰징 우려가 확인되어 발송 목적에 대한 최소한의 고정값을 추가해야 함.,X,doc_received_r_img_01
"안녕하세요, #{발신 스페이스}입니다. 고객님께서 보유하신 미사용 적립금이 #{자동 소멸 예정일}에 소멸될 예정입니다.  소멸 예정 금액: #{적립금}원  자세한 사항은 고객센터로 문의해 주세요.",서비스이용,이용도구,(공용) 적립금 소멸 안내 알림_이미지형_02,"안녕하세요. 카카오톡 알림톡 검수 담당자입니다.  1. 쿠폰 및 포인트 소멸 안내는 본 메시지를 발송하는 업체명(ooo)이 고정값으로 기재되어야 합니다. 해당 메시지 내 발송 업체명을 고정값으로 추가하여 주시기 바랍니다.  2. 쿠폰(마일리지, 포인트, 적립금 포함) 지급/소멸 안내 템플릿의 경우 템플릿 본문 상단 또는 하단에 혜택 지급/소멸 안내에 대한 발송 근거가 고정값으로 기재되어야 합니다. 해당 메시지 내 혜택 지급/소멸 안내에 대한 '발송 근거' 문구를 추가하여 주시기 바랍니다.  * 발송근거는 아래 가이드 문구로 기재할 수 있으며, 메시지에 따라 발송근거를 더욱 명확하게 기재하기 위해 가이드 문구를 일부 수정하여 기재할 수 있습니다.  [발송근거 가이드 문구] - 이 메시지는 고객님의 동의에 의해 지급된 쿠폰 안내 메시지입니다. - 이 메시지는 고객님이 참여한 이벤트 당첨으로 지급된 쿠폰 안내 메시지입니다. - 이 메시지는 이용약관(계약서) 동의에 따라 지급된 쿠폰 안내 메시지입니다. - 이 메시지는 서비스 만족도조사에 참여하신 고객님들께 지급된 쿠폰 안내 메시지입니다. - 이 메시지는 구매하신 상품(서비스)의 사은품으로 지급된 쿠폰 안내 메시지입니다.  * 단순 사업자가 일방적으로 제공하는 혜택은 알림톡 발송 대상이 아닌 점 참고하시기 바랍니다. * 쿠폰 지급/소멸 안내 가이드가 변경되어 상기와 같이 안내드리는 점 참고 부탁드립니다.  더 자세한 알림톡 검수 가이드는 딜러사를 통해 확인 부탁드립니다. 감사합니다.",업체명과 발송 근거가 고정값으로 기재되지 않아서 반려되었습니다.,X,link_point_expired_img_01
"안녕하세요, #{발신 스페이스}입니다. 고객님께서 보유하신 미사용 적립금이 #{자동 소멸 예정일}에 소멸될 예정입니다.  - 소멸 예정 금액: #{적립금}원  자세한 사항은 고객센터로 문의해 주세요.",서비스이용,이용도구,(공용) 적립금 소멸 안내_이미지형_01,"안녕하세요. 카카오톡 알림톡 검수 담당자입니다.  1. 쿠폰 및 포인트 소멸 안내는 본 메시지를 발송하는 업체명#{발신 스페이스}이 고정값으로 기재되어야 합니다. 해당 메시지 내 발송 업체명을 고정값으로 추가하여 주시기 바랍니다.  2. 쿠폰(마일리지, 포인트, 적립금 포함) 지급/소멸 안내 템플릿의 경우 템플릿 본문 상단 또는 하단에 혜택 지급/소멸 안내에 대한 발송 근거가 고정값으로 기재되어야 합니다. 해당 메시지 내 혜택 지급/소멸 안내에 대한 '발송 근거' 문구를 추가하여 주시기 바랍니다.  * 발송근거는 아래 가이드 문구로 기재할 수 있으며, 메시지에 따라 발송근거를 더욱 명확하게 기재하기 위해 가이드 문구를 일부 수정하여 기재할 수 있습니다.  [발송근거 가이드 문구] - 이 메시지는 고객님의 동의에 의해 지급된 쿠폰 안내 메시지입니다. - 이 메시지는 고객님이 참여한 이벤트 당첨으로 지급된 쿠폰 안내 메시지입니다. - 이 메시지는 이용약관(계약서) 동의에 따라 지급된 쿠폰 안내 메시지입니다. - 이 메시지는 서비스 만족도조사에 참여하신 고객님들께 지급된 쿠폰 안내 메시지입니다. - 이 메시지는 구매하신 상품(서비스)의 사은품으로 지급된 쿠폰 안내 메시지입니다.  * 단순 사업자가 일방적으로 제공하는 혜택은 알림톡 발송 대상이 아닌 점 참고하시기 바랍니다. * 쿠폰 지급/소멸 안내 가이드가 변경되어 상기와 같이 안내드리는 점 참고 부탁드립니다.  더 자세한 알림톡 검수 가이드는 딜러사를 통해 확인 부탁드립니다. 감사합니다.",업체명 및 발송 근거 고정값 미포함으로 인한 반려.,X,msg_point_expired_img_01
"안녕하세요, #{수신자}님! 라벨르 워터필링기입니다.  보내주신 A/S 상품을 확인한 결과, #{제품문제}이(가) 확인되었습니다. 이에 따라 아래와 같은 A/S 비용이 발생하게 되었음을 안내드립니다.  A/S 비용: #{A/S비용} 결제 방법: 1. 네이버 결제: 네이버 링크 (5,000원당 1매로 계산) 2. 계좌이체: 국민은행 790-25-0006-216 (주)정훈기공 네이버 결제는 자동으로 확인되며, 계좌이체 시에는 입금 후 해당 번호로 문자를 보내주시면 확인 후 수리하여 발송해 드리겠습니다.  감사합니다. :)",서비스이용,이용안내/공지,(전용) AS 안내_기본형_01 / 라벨르,"안녕하세요. 카카오톡 알림톡 검수 담당자입니다.  알림톡에서는 금융사고 예방 목적으로 결제/송금/납부 유도 메시지를 허용하지 않고 있으나, 아래 내용이 확인되는 업체에 한하여 가능합니다.  - 금융위원회에 선불전자지급수단발행업, 전자지급결제대행업(PG), 결제대금예치업(ESCROW) 중 2개 이상 등록이 확인된 업체 - 휴대폰 제조사 결제대행업 업체 중 제1금융권의 시중은행 소속의 카드사 연동이 5개 이상 적용된 업체  이에 따라 해당 내용 판단을 위해 <AS 비용 결제하기> 링크로 연결되는 페이지의 결제사를 확인할 수 있는 결제 페이지 화면을 캡처하시어 첨부하여 주시기 바랍니다.  * 결제 템플릿 등록 가능 업체의 범위가 확장됨에 따라 가이드가 변경된 점 참고 부탁드립니다.  더 자세한 알림톡 검수 가이드는 딜러사를 통해 확인 부탁드립니다. 감사합니다.",금융사고 예방 목적으로 결제/송금/납부 유도 메시지를 허용하지 않는 알림톡 규정에 위반됨.,X,c0017_as_pay_non_01
■ #{제목}  > #{수신자}님께 온 문서를 확인해 주세요.  #{추가 메시지},서비스이용,이용안내/공지,(공용) 문서 도착 알림_이미지형_08,"안녕하세요. 카카오톡 알림톡 검수 담당자입니다.  알림톡은 어뷰징 우려가 없는 정보성 메시지에 한하여 발송 가능합니다. 허나 해당 메시지 확인 시 발송 목적이 확인되는 문구들이 변수 내용으로 기재되어 어뷰징 우려가 확인됩니다. 따라서 어뷰징 요소가 없도록 발송 목적에 대한 최소한의 고정값을 추가하여 주시기 바랍니다.  * 해당 메시지로 다양한 수신자에게 발송함에 따라 변수 내용 수정이 어려우실 경우 메시지 발송 목적별로 템플릿 추가 세팅을 요청드립니다.  더 자세한 알림톡 검수 가이드는 딜러사를 통해 확인 부탁드립니다. 감사합니다. 안녕하세요. 카카오톡 알림톡 검수 담당자입니다.  알림톡은 어뷰징 우려가 없는 정보성 메시지에 한하여 발송 가능합니다. 허나 해당 메시지 확인 시 발송 목적이 확인되는 문구들이 변수 내용으로 기재되어 어뷰징 우려가 확인됩니다. 따라서 어뷰징 요소가 없도록 발송 목적에 대한 최소한의 고정값을 추가하여 주시기 바랍니다.  * 해당 메시지로 다양한 수신자에게 발송함에 따라 변수 내용 수정이 어려우실 경우 메시지 발송 목적별로 템플릿 추가 세팅을 요청드립니다.  더 자세한 알림톡 검수 가이드는 딜러사를 통해 확인 부탁드립니다. 감사합니다.",변수 내용으로 기재된 발송 목적 확인으로 어뷰징 우려가 있어 반려되었습니다.,X,doc_received_img_08
■ 발신 : #{발신 스페이스} ■ 제목 : #{제목}  #{수신자}님께 온 문서를 확인해 주세요.  #{추가 메시지 - 문서에 기재된 기한까지 제출 부탁드립니다.}  *서비스 이용 약관에 따라 발송된 문서입니다.,서비스이용,이용안내/공지,(공용) 링크_ 문서 도착 알림_이미지형_01,"안녕하세요. 카카오톡 알림톡 검수 담당자입니다.  알림톡은 어뷰징 우려가 없는 정보성 메시지에 한하여 발송 가능합니다. 허나 해당 메시지 확인 시 발송 목적이 확인되는 문구들이 변수 내용으로 기재되어 어뷰징 우려가 확인됩니다. 따라서 어뷰징 요소가 없도록 발송 목적에 대한 최소한의 고정값을 추가하여 주시기 바랍니다.  * 해당 메시지로 다양한 수신자에게 발송함에 따라 변수 내용 수정이 어려우실 경우 메시지 발송 목적별로 템플릿 추가 세팅을 요청드립니다.  더 자세한 알림톡 검수 가이드는 딜러사를 통해 확인 부탁드립니다. 감사합니다. 안녕하세요. 카카오톡 알림톡 검수 담당자입니다.  알림톡은 어뷰징 우려가 없는 정보성 메시지에 한하여 발송 가능합니다. 허나 해당 메시지 확인 시 발송 목적이 확인되는 문구들이 변수 내용으로 기재되어 어뷰징 우려가 확인됩니다. 따라서 어뷰징 요소가 없도록 발송 목적에 대한 최소한의 고정값을 추가하여 주시기 바랍니다.  * 해당 메시지로 다양한 수신자에게 발송함에 따라 변수 내용 수정이 어려우실 경우 메시지 발송 목적별로 템플릿 추가 세팅을 요청드립니다.  더 자세한 알림톡 검수 가이드는 딜러사를 통해 확인 부탁드립니다. 감사합니다.",변수 내용으로 기재된 발송 목적이 어뷰징 우려를 확인시키므로 최소한의 고정값을 추가해야 함.,X,link_doc_received_img_01
■ 발신 : #{발신 스페이스} ■ 제목 : #{제목}  #{수신자}님께 온 문서를 확인해 주세요.  #{추가 메시지}  *수신자 요청에 따라 발송된 문서입니다.,서비스이용,이용안내/공지,(공용) 링크_문서 도착 알림_이미지형_01,"안녕하세요. 카카오톡 알림톡 검수 담당자입니다.  알림톡은 어뷰징 우려가 없는 정보성 메시지에 한하여 발송 가능합니다. 허나 해당 메시지 확인 시 발송 목적이 확인되는 문구들이 변수 내용으로 기재되어 어뷰징 우려가 확인됩니다. 따라서 어뷰징 요소가 없도록 발송 목적에 대한 최소한의 고정값을 추가하여 주시기 바랍니다.  * 해당 메시지로 다양한 수신자에게 발송함에 따라 변수 내용 수정이 어려우실 경우 메시지 발송 목적별로 템플릿 추가 세팅을 요청드립니다.  더 자세한 알림톡 검수 가이드는 딜러사를 통해 확인 부탁드립니다. 감사합니다. 안녕하세요. 카카오톡 알림톡 검수 담당자입니다.  알림톡은 어뷰징 우려가 없는 정보성 메시지에 한하여 발송 가능합니다. 허나 해당 메시지 확인 시 발송 목적이 확인되는 문구들이 변수 내용으로 기재되어 어뷰징 우려가 확인됩니다. 따라서 어뷰징 요소가 없도록 발송 목적에 대한 최소한의 고정값을 추가하여 주시기 바랍니다.  * 해당 메시지로 다양한 수신자에게 발송함에 따라 변수 내용 수정이 어려우실 경우 메시지 발송 목적별로 템플릿 추가 세팅을 요청드립니다.  더 자세한 알림톡 검수 가이드는 딜러사를 통해 확인 부탁드립니다. 감사합니다.",변수 내용으로 기재된 발송 목적 확인으로 어뷰징 우려가 있어서 반려합니다.,X,link_doc_received_non_01
"안녕하세요, 봉국어학원입니다. 학원 공지사항 전달드립니다.  ▶ 공지 : #{제목}",서비스이용,이용안내/공지,(전용) 공지사항 전달_이미지형_01 / 봉국어학원,"안녕하세요. 카카오톡 알림톡 검수 담당자입니다.  1.  알림톡은 어뷰징 우려가 없는 정보성 메시지에 한하여 발송 가능하오나,  '알림장'은 구체적이지 않은 광범위한 말머리로 어뷰징 우려가 존재하여 알림톡 발송이 불가합니다.    따라서 메시지 발송 목적이 명확하게 확인 가능하도록 보다 구체적인 말머리 및 내용을 고정값으로 추가 기재 요청드리며  만약 발송하시려는 내용이 다양함에 따라 고정값으로 기재 어려우실 경우, 발송 목적별로 템플릿을 분리하시어 추가 등록 부탁드립니다.    참고 예시▼  [#{학원명} 시간표 알림]  2. 신청하신 메시지는 텍스트 혼합 이미지형 메시지로 수정이 필요한 부분이 확인되어 아래 간략한 가이드 안내 드립니다. - 텍스트 영역은 좌측 상단, 좌측정렬 고정이며, 가로 540x 세로240px, 좌측여백 36px, 상단 여백42px, 행간74을 준수하여야 합니다.  더 자세한 이미지 알림톡 검수 가이드는 딜러사 또는 아래 링크를 통해 확인 부탁드립니다. ㄴ 이미지 제작 가이드 : https://kakaobusiness.gitbook.io/main/ad/bizmessage/notice-friend/content-guide/image  감사합니다. 안녕하세요. 카카오톡 알림톡 검수 담당자입니다.  알림톡은 어뷰징 우려가 없는 정보성 메시지에 한하여 발송 가능하오나, '알림장'은 구체적이지 않은 광범위한 말머리로 어뷰징 우려가 존재하여 알림톡 발송이 불가합니다.  따라서 메시지 발송 목적이 명확하게 확인 가능하도록 보다 구체적인 말머리 및 내용을 고정값으로 추가 기재 요청드리며 만약 발송하시려는 내용이 다양함에 따라 고정값으로 기재 어려우실 경우, 발송 목적별로 템플릿을 분리하시어 추가 등록 부탁드립니다.  참고 예시▼ [#{학원명} 시간표 알림]  더 자세한 이미지 알림톡 검수 가이드는 딜러사를 통해 확인 부탁드립니다. 감사합니다.","알림톡 발송 시 구체적인 말머리와 내용이 필요하며, 이미지형 메시지는 가이드에 맞게 수정이 필요합니다.",O,c0014_class_noti_img_01