텍스트,분류 1차,분류 2차,keyword,code,자동 생성 제목
"
#{발신 스페이스} 인증 번호 안내해 드립니다.

아래 인증 번호를 입력해주세요.

▶ 인증 번호 : #{인증 번호}",회원,인증/비밀번호/로그인,"본인확인,본인인증,인증,인증번호,비밀번호",IBWINGO3940_1656221606280,인증 번호 알림
"
안녕하세요 #{수신자명}님,
회원 탈퇴 처리가 완료되었습니다.

▶ 아이디 : #{아이디}

그동안 이용해주셔서 감사합니다.",회원,인증/비밀번호/로그인,"회원탈퇴,탈퇴,탈퇴완료,계정,계정삭제",IBWINGO3940_1656221640359,회원 탈퇴 안내
"
안녕하세요 #{수신자명}님,
#{수신자명}님께서 제품을 구매하시면서 신청하신 혜택이 도착했습니다!
혜택을 확인하시고 이용해보세요.

▶ 아이디 : #{아이디}
▶ 혜택 : #{혜택}
▶ 사용기한 : #{사용기한}

※ 이 메시지는 고객님의 혜택 신청에 의해 발송되는 혜택 안내 메시지입니다.",회원,회원정보/회원혜택,"회원,회원혜택,혜택,혜택안내",IBWINGO3940_1656305210642,혜택 안내
"
비밀번호가 변경되었습니다.

▶ 아이디 : #{아이디}

본인이 아닌 경우, 고객센터에 연락 부탁드립니다.

▶ 고객센터 : #{고객센터}",회원,인증/비밀번호/로그인,"비밀번호,비밀번호변경,아이디,회원정보,인증,로그인,계정,본인인증",IBWINGO3940_1656221736737,비밀번호 변경 안내
"
안녕하세요 #{수신자명} 고객님.
지금 변경된 등급을 확인하고, #{발신 스페이스}의 주요 혜택 확인해보세요!

▶ #{월}월 회원 등급 : #{회원 등급}

등급별로 다양한 회원 혜택을 확인해 보세요.

※ 이 메시지는 고객님의 동의에 의해 전송되는 메시지입니다.",회원,회원정보/회원혜택,"회원정보,회원등급,등급,등급변경,회원혜택,혜택,고객,회원,등업",IBWINGO3940_1656221772934,등급 안내
"
안녕하세요 #{수신자명} 고객님,
고객님의 #{발신 스페이스}월 등급이 상향되었습니다.

▶ #{발신 스페이스} 등급 : #{등급}

지금 바로 등급 혜택을 확인해 보세요!

고객센터 : #{고객센터}

※ 이 메시지는 고객님의 동의에 의해 전송되는 메시지입니다.",회원,회원정보/회원혜택,"회원정보,회원등급,등급,회원혜택,혜택,혜택안내,고객,등업,회원",IBWINGO3940_1656221800097,등급 혜택 안내
"
안녕하세요. #{수신자명} 고객님.
가입을 감사드리며, 이용 안내해 드립니다.

▶ 아이디 : #{아이디}
▶ 이용 시간 : #{이용 시간}
▶ 문의 시간 : #{문의 시간}

상세한 내용은 홈페이지에서 확인해주세요.
감사합니다.",회원,회원가입,"회원가입,가입,회원,가입안내,가입인사,매장정보,매장,안내",IBWINGO3940_1656223782723,가입 알림
"임시 비밀번호는 #{발신 스페이스}입니다.
로그인 후, 사용하실 비밀번호로 변경해주세요.

※ 비밀번호를 변경하지 않으실 경우 개인정보에 위험이 있습니다.",회원,인증/비밀번호/로그인,"계정,아이디,비밀번호,회원정보,회원,임시,로그인,이증,계정안내",IBWINGO3940_1656224302568,임시 비빌번호 발급 안내
"
#{수신자명}님, 환영합니다!
회원가입이 완료되었습니다.

신규 가입 시,
지급되는 쿠폰 내역을 알려드립니다.

▶쿠폰명: #{쿠폰명}
▶유효기간: #{유효기간}
※유의사항: 쿠폰 사용 방법을 반드시 확인해 주세요.

회원가입을 해주셔서 감사합니다.
많은 이용 부탁드립니다.

※ 이 메시지는 고객님의 동의에 의해 지급된 쿠폰 안내 메시지입니다.",회원,회원가입,"가입,회원가입,회원혜택,쿠폰,쿠폰안내",IBWINGO3940_1656054052940,회원 가입 감사 메시지
"
안녕하세요.
저희 #{발신 스페이스}의 회원이 되주셔서 감사합니다.

더욱 새로워진 #{발신 스페이스}을 만나보세요!
이번 년도에서 최고의 서비스로 보답하겠습니다.",회원,회원가입,"회원가입,가입,회원,가입안내,계정,로그인,회원가입안내",IBWINGO3940_1655797826441,회원 가입 안내
"
안녕하세요. #{수신자명} 고객님.
가입을 축하드리며 영업시간 및 매장 정보 안내드립니다.

▶ 영업 시간: #{영업 시간}
▶ 매장 정보: #{매장 정보}
▶ 문의 전화: #{문의 전화}

상세내용은 아래 '홈페이지 바로가기'를 이용해 주시기 바랍니다.
감사합니다.",회원,회원가입,"회원가입,가입,회원,가입안내,가입인사,매장정보,매장,안내",IBWINGO3940_1655973165688,가입 알림
"
안녕하세요. #{수신자명} 고객님.
회원가입과 함께 즉시 사용 가능한
#{쿠폰명} 쿠폰이 발급되었습니다.

오직 #{발신 스페이스}에서만 만날 수 있는 제품들을 확인해보세요.

감사합니다.

▶ 쿠폰명 : #{쿠폰명}
▶ 유효기간 : #{유효기간}

※ 이 메시지는 고객님의 동의에 의해 지급된 쿠폰 안내 메시지입니다.",회원,회원가입,"회원가입,가입,회원,가입안내,가입인사,적립금,가입혜택,혜택",IBWINGO3940_1655797963400,회원 가입 안내
"
안녕하세요 #{발신 스페이스}입니다.

회원가입 및 SNS수신동의에 감사드립니다.

아래 ""홈페이지 바로가기""버튼을 누르시고 편리하게 이용하시기 바랍니다.
감사합니다.

※ 수신거부 요청시 고객센터로 연락바랍니다.

※ 고객센터 : #{고객센터}",회원,회원가입,"회원가입,가입,회원,가입안내,수신동의,로그인",IBWINGO3940_1655877414018,회원 가입 안내
"
안녕하세요. #{수신자명}님
회원 가입을 축하드립니다.

#{수신자명}님의
▶ #{발신 스페이스} ID : #{ID}

#{발신 스페이스}에 가입해주셔서 감사합니다.

▶ 고객센터 : #{고객센터}",회원,회원가입,"회원가입,가입,회원,가입안내,로그인,계정,아이디,가입인사",IBWINGO3940_1655798155394,회원 가입 완료
"
안녕하세요.
회원이 되신 것을 환영하며 이용권이 지급되었습니다.

▶ 회원번호 : #{회원번호}
▶ 등록이용권 : #{등록이용권}
▶ 이용기간 : #{이용기간}

문의사항은 아래 버튼을 클릭해주세요.

※ 이 메시지는 고객님의 동의에 의해 지급된 이용권 안내 메시지입니다.",회원,회원가입,"회원가입,가입,회원,가입안내,로그인,계정,아이디,가입인사,이용권,회원권",IBWINGO3940_1655798192604,회원 가입
"
안녕하세요 #{수신자명} 고객님. #{발신 스페이스}에 가입해주셔서 감사합니다.

가입 설문에 참여해주시면, 고객님의 소중한 의견을 반영하여 더 좋은 서비스를 제공하도록 노력하겠습니다.",회원,회원가입,"회원가입,설문조사,설문,가입안내,가입,설문안내",IBWINGO3940_1655798257328,회원 가입 완료
"
안녕하세요 #{수신자명}님.
#{발신 스페이스} 회원가입 신청이 승인되었습니다.

▶ 회원명 : #{회원명}
▶ 승인일자 : #{승인일자}

아래 버튼을 클릭하여 #{발신 스페이스}의 여러 가지 정보를 확인해보세요.",회원,회원가입,"회원가입,가입,승인,신청,로그인,가입안내",IBWINGO3940_1655798299038,회원 가입 승인 알림
"
#{발신 스페이스} 회원가입 신청이 거절되었습니다.

문의사항은 아래 버튼을 클릭해주세요.",회원,회원가입,"회원가입,가입,신청,거절,거부,가입거절",IBWINGO3940_1655798724543,회원 가입 거절 알림
"
안녕하세요. #{수신자명}님!
#{발신 스페이스} 회원이 되신 것을 진심으로 환영합니다.

회원가입 혜택과 다양한 이벤트를 홈페이지에서 확인해보세요.",회원,회원가입,"회원가입,가입,회원,가입안내,로그인,계정,아이디,가입인사,채널추가",IBWINGO3940_1655798815339,회원 가입 안내
"
안녕하세요 #{수신자명}님.
회원가입이 완료되었습니다.

신규 회원님을 위한 적립금 #{적립금}원을 적립해드렸습니다.

▶ 적립금 : #{적립금}

다양한 혜택과 이벤트를 홈페이지에서 확인해보세요.

※ 이 메시지는 고객님의 동의에 의해 지급된 적립금 안내 메시지입니다.",회원,회원가입,"회원가입,가입,회원,가입안내,로그인,혜택,적립금,가입혜택",IBWINGO3940_1655798863203,회원 가입 안내
"
안녕하세요 #{수신자명}님,
#{발신 스페이스} 회원가입이 완료되었습니다.

반가운 마음을 담아 쿠폰을 발급해드렸어요.
#{발신 스페이스} 멤버가 되신 것을 진심으로 환영합니다.

▶ 쿠폰명 : #{쿠폰명}
▶ 유효기간 : #{유효기간}

아래 버튼을 눌러 쿠폰을 확인해보세요.

※ 이 메시지는 고객님의 동의에 의해 지급된 쿠폰 안내 메시지입니다.",회원,회원가입,"회원가입,쿠폰,쿠폰발급,가입쿠폰,가입,혜택,가입혜택",IBWINGO3940_1655798998165,회원 가입 완료
"
안녕하세요, #{수신자명}고객님.
회원가입을 감사드리며 배송비 무료 쿠폰이 지급되었습니다.
보유한 쿠폰의 사용가능일자를 안내드리니, 쿠폰을 사용해보세요.

▶ 쿠폰명 : #{쿠폰명}
▶ 쿠폰 유효기간 : #{쿠폰 유효기간}
▶ 쿠폰 사용방법 : #{쿠폰 사용방법}

※ 쿠폰 유효기간이 지나면 사용이 불가합니다.
※ 이 메시지는 고객님의 동의에 의해 지급된 쿠폰 안내 메시지입니다.",회원,회원정보/회원혜택,"회원가입,회원정보,가입,신규가입,신규,가입혜택,신규혜택,쿠폰,발급,쿠폰발급,쿠폰안내,배송비,배송,배송무료",IBWINGO3940_1655973299144,무료배송 쿠폰 발급 안내
"
안녕하세요, #{수신자명}고객님.
첫 구매를 완료해주신 고객님께 구매 감사 쿠폰이 지급되었습니다.
지급된 쿠폰의 유효기간 및 사용 방법 안내드립니다.

▶ 쿠폰명 : #{쿠폰명}
▶ 쿠폰 유효기간 : #{쿠폰 유효기간}
▶ 쿠폰 사용방법 : #{쿠폰 사용방법}

※ 쿠폰 유효기간이 지나면 사용이 불가합니다.
※ 이 메시지는 고객님의 동의에 의해 지급된 쿠폰 안내 메시지입니다.",회원,회원정보/회원혜택,"구매감사,감사,구매,쿠폰,발급,쿠폰발급,쿠폰안내,배송비,배송,배송무료",IBWINGO3940_1655973504662,구매 감사 쿠폰 발급 안내
"
결제수단이 등록되었습니다.

▶ 회원명 : #{회원명}
▶ 등록 결제수단 : #{등록 결제수단}

본인이 아니시면 #{고객센터번호}로 문의해 주세요.",회원,회원정보/회원혜택,"결제,결제수단,등록,결제등록,카드등록,신용카드,카드,결제방법",IBWINGO3940_1655973696110,결제 수단 등록
"
안녕하세요. #{수신자명} 고객님,
#{발신 스페이스} 회원이 되신 것을 진심으로 환영합니다.

회원가입 혜택으로 지금 #{상품} 구매 시 할인된 가격으로 구매하실 수 있습니다.

※ 이 메시지는 고객님의 동의에 의해 전송되는 메시지입니다.",회원,회원정보/회원혜택,"회원정보,회원혜택,혜택,선물,이벤트,가입혜택,환영인사",IBWINGO3940_1650507513114,회원가입
"
안녕하세요 #{수신자명} 고객님,
고객님의 #{월}월 등급이 #{등급}으로 상향되었습니다!

지금 바로 등급 혜택을 확인해 보세요!

고객센터 : #{고객센터}

※ 이 메시지는 고객님의 동의에 의해 전송되는 메시지입니다.",회원,회원정보/회원혜택,"회원정보,회원등급,등급,회원혜택,혜택,혜택안내,고객,등업,회원",IBWINGO3940_1650507474456,등급 혜택 안내
"
안녕하세요 #{수신자명}님,
회원 등급이 업데이트되어 안내드립니다.

▶회원등급: #{회원등급}

등급별로 다양한 회원 혜택을 확인해 보세요.

※ 이 메시지는 고객님의 동의에 의해 전송되는 메시지입니다.",회원,회원정보/회원혜택,"회원정보,회원등급,등급,등급변경,회원혜택,혜택,고객,회원,등업",IBWINGO3940_1650507443043,등급 안내
"
안녕하세요 #{수신자명}님,
회원가입이 완료되었습니다.
#{발신 스페이스}에서 회원가입 혜택을 안내드립니다.

▶ 혜택 : #{혜택}
▶ 유효기간 : #{유효기간}

※ 이 메시지는 고객님의 동의에 의해 지급된 혜택 안내 메시지입니다.",회원,인증/비밀번호/로그인,"회원가입,회원혜택,혜택안내,혜택,회원가입혜택",IBWINGO3940_1650507222259,회원혜택안내
"
안녕하세요 #{수신자명}님,
#{수신자명}님께서 신청하신 #{서비스} 혜택이 도착했습니다.
아래 버튼을 눌러 혜택 확인을 해주세요!

※ 이 메시지는 고객님의 동의에 의해 발송되는 혜택 안내 메시지입니다.",회원,회원정보/회원혜택,"회원,회원혜택,혜택,혜택안내",IBWINGO3940_1650507167782,혜택 안내
"
#{수신자명}님, 환영합니다!
회원가입이 완료되었습니다.

신규 가입 시,
지급되는 쿠폰 내역을 알려드립니다.

▶쿠폰명: #{쿠폰명}
▶유효기간: #{유효기간}
※유의사항: 쿠폰 사용 방법을 반드시 확인해 주세요.

회원가입을 해주셔서 감사합니다.
많은 이용 부탁드립니다.

※ 이 메시지는 고객님의 동의에 의해 지급된 쿠폰 안내 메시지입니다.",회원,회원가입,"가입,회원가입,회원혜택,쿠폰,쿠폰안내",IBWINGO3940_1650351421061,회원 가입 감사 메시지
"
안녕하세요. #{수신자명} 고객님,
#{발신 스페이스} 회원이 되신 것을 진심으로 환영합니다.

▶가입 아이디 : #{가입 아이디}

고객님을 위한 다양한 상품들이 준비되어 있으니, 앞으로 많은 관심 부탁드립니다.",회원,회원가입,"회원가입,회원정보,회원,고객,계정,가입,로그인,가입알림,회원안내",IBWINGO3940_1643015267916,회원가입
"
안녕하세요. #{수신자명} 고객님,
#{발신 스페이스} 회원이 되신 것을 진심으로 환영합니다.

회원가입 혜택과 다양한 이벤트를 홈페이지에서 확인해 보세요.",회원,회원정보/회원혜택,"회원가입,회원,회원혜택,혜택,가입,이벤트,가입알림,회원안내,혜택안내",IBWINGO3940_1642750562500,회원가입
"
안녕하세요 #{수신자명} 고객님,
#{발신 스페이스} 회원가입 및 SNS 수신 동의에 감사드립니다.

※ 수신 동의 취소는 홈페이지에서 진행하실 수 있습니다.

감사합니다.",회원,회원가입,"회원가입,회원,수신동의,가입,회원정보,가입알림,회원안내,회원정보",IBWINGO3940_1642750597339,회원가입 완료 안내
"
안녕하세요 #{수신자명} 고객님,
#{발신 스페이스} 입니다.
요청하신 수신거부 관련 처리 결과를 안내드립니다.

▶처리 날짜: #{처리 날짜}
▶처리 내용: #{처리 내용}

감사합니다.",회원,인증/비밀번호/로그인,"수신거부,회원정보,회원,계정,개인정보,",IBWINGO3940_1642750626753,수신 거부 처리 완료
"
안녕하세요 #{수신자명} 고객님,
임시 비밀번호가 발급되었습니다.

▶아이디: #{아이디}
▶임시 비밀번호: #{임시 비밀번호}

로그인 후, 새로운 비밀번호로 변경해 주시기 바랍니다.
감사합니다.",회원,인증/비밀번호/로그인,"계정,아이디,비밀번호,회원정보,회원,임시,로그인,이증,계정안내",IBWINGO3940_1642750654850,임시 비빌번호 발급
"
#{수신자명}님, 인증번호 [#{인증번호}]를 입력하시고 본인확인을 완료해 주시기 바랍니다.

▶요청 매장 : #{요청 매장}

※ 인증번호가 타인에게 노출되지 않도록 주의해 주시기 바랍니다.
※ 본인이 요청한 작업이 아니라면 상담원에게 메시지를 남겨주시기 바랍니다.",회원,인증/비밀번호/로그인,"비밀번호,인증번호,본인확인,본인인증,입장,QR코드,로그인,인증,입장확인",IBWINGO3940_1642750686641,인증번호 안내
"
안녕하세요 #{수신자명} 고객님,
아래와 같이 고객님의 비밀번호가 변경되었음을 안내드립니다.

▶아이디 : #{아이디}
▶비밀번호 : #{비밀번호}

※ 해당 개인 정보가 유출되지 않도록 주의 부탁드립니다.

감사합니다.",회원,인증/비밀번호/로그인,"비밀번호,비밀번호변경,아이디,회원정보,인증,로그인,계정,본인인증",IBWINGO3940_1642750772346,변경 비밀번호 안내
"
#{수신자명} 고객님, #{월}월 우수고객으로 선정되셨네요.

감사의 의미로 우수고객 회원님들께만 발급된 혜택 안내드립니다.

▶혜택 : #{혜택}
▶사용 기한 : #{사용 기한}

놓치지 말고 혜택을 누리세요.",회원,회원정보/회원혜택,"고객,회원등급,등급,회원혜택,혜택,회원정보,고객혜택,등급혜택",IBWINGO3940_1642750905896,우수고객 선정 알림
"
안녕하세요 #{수신자명}님.
고객님의 회원정보가 변경되어 안내드립니다.

▶이전 회원정보: #{이전 회원정보}
▶변경된 회원정보: #{변경된 회원정보}

회원정보를 확인하시고 본인이 변경하지 않았다면 문의 부탁드립니다.",회원,회원정보/회원혜택,"회원정보,변경,정보변경,인증,본인확인,계정,본인인증",IBWINGO3940_1642751030321,회원정보 변경 안내
"
안녕하세요.
#{수신자명} 회원님의 가입을 진심으로 축하드립니다.

▶성함: #{성함}
▶아이디: #{아이디}

※ 유의사항 : #{유의사항}",회원,회원가입,"회원가입,회원정보,회원,고객,계정,가입",IBWINGO3940_1643015281230,회원 가입 안내
"
#{수신자명}님의 인증번호는 #{인증번호}입니다.
본인 확인을 위해 인증번호를 화면에 입력해 주세요.

▶ 고객센터 안내
#{고객센터 전화번호} (평일 및 토요일 오전 9시 ~ 오후 6시)",회원,인증/비밀번호/로그인,"본인확인,본인인증,인증,인증번호,비밀번호",IBWINGO202_1638770286662,본인 인증
"
인증코드 : #{인증코드}

회원가입 페이지에 해당 코드를 입력하여 인증을 진행해주세요.",회원,인증/비밀번호/로그인,"본인확인,본인인증,인증,인증코드,인증안내",IBWINGO202_1638770327109,본인 인증
"
안녕하세요 #{수신자명}님,
인증이 정상적으로 처리 되었습니다.
감사합니다.",회원,인증/비밀번호/로그인,"인증안내,본인인증,인증,본인인증완료,인증완료안내",IBWINGO202_1638770390583,인증안내
"
안녕하세요 #{수신자명}님,
탈퇴 처리가 완료되었습니다.
지금까지 저희 #{발신 스페이스}을 이용해주셔서 감사합니다.",회원,인증/비밀번호/로그인,"회원탈퇴,탈퇴,탈퇴완료,계정,계정삭제",IBWINGO202_1638770424573,회원 탈퇴 완료
"
안녕하세요 #{수신자명}님, 
고객정보 변경이 정상적으로 완료되었습니다.
변경내용을 다시 한 번 확인하시고 오늘도 즐거운 하루 되세요.

감사합니다.",회원,회원정보/회원혜택,"회원정보,정보수정,정보변경,정보수정완료,회원정보안내",IBWINGO202_1638780149082,정보 수정 완료 안내
"
인증 비빌번호 Key : #{인증Key}",회원,인증/비밀번호/로그인,"인증안내,본인인증,인증,비밀번호,인증비밀번호",IBWINGO202_1638780195504,본인인증
"
안녕하세요 #{수신자명}님,
고객님의 예약 정보를 안내해드립니다.

▶ 예약자명: #{예약자명}
▶ 예약일시: #{예약일시}
▶ 관련문의: #{관련문의}
▶ 주소: #{주소}

변경사항이 있으신 경우 24시간 전까지 연락 부탁드리며, 
예약시간에 늦지 않게 방문 부탁드립니다.

감사합니다.",예약,예약완료/예약내역,"예약,예약안내,예약정보,안내,예약알림",IBWINGO3940_1656053946193,예약 안내
"
#{수신자명} 회원님이 신청하신 #{서비스} 접수가 완료되어 일정 및 참여 방법 안내드립니다.

▶ 참여자 : #{참여자}
▶ 일정 : #{일정}
▶ 참여 방법 : #{참여 방법}

참여 방법에 대한 자세한 내용은 홈페이지에서 확인해주세요.",예약,예약완료/예약내역,"교육,접수,일정,신청,수업,강의,예약",IBWINGO3940_1656220830828,접수 완료 안내
"
안녕하세요 #{수신자명}님,
#{수신자명}님의 예약이 취소되었습니다.

▶ 예약명 : #{예약명}
▶ 취소된 예약 일시 : #{예약 일시}

편하신 시간에 연락 주시면 예약 도와드리겠습니다.
감사합니다.",예약,예약취소,"예약,예약취소,일정취소,취소안내,예약취소안내,취소알림",IBWINGO3940_1656219580641,예약 취소
"
#{발신 스페이스} 설명회 예약이 완료되어 일정을 안내해 드립니다.

▶ 일시 : #{일시}
▶ 준비물 : #{준비물}
▶ 상세 내용 : #{상세 내용}

준비물 및 상세 내용을 확인하시고 참석해주세요.
문의사항이 있으신 경우 홈페이지에 문의해주세요.",예약,예약완료/예약내역,"입학,설명회,학교,예약,입시,입사,회사,행사,오티,오리엔테이션",IBWINGO3940_1656220758074,설명회 예약 완료
"
안녕하세요 #{발신 스페이스}입니다.
#{수신자명}님 예약 일정이 변경 되어 안내해 드립니다.
변경된 일정을 확인하시고 착오 없으시기 바랍니다.

<예약 시간 안내>
▶ 변경 전 예약 시간 : #{변경 전 예약 시간}
▶ 변경 된 예약 시간 : #{변경 된 예약 시간}

예약 시간을 변경하시고 싶으신 경우에는 고객센터 또는 홈페이지에 문의 부탁드립니다.
감사합니다.",예약,예약상태,"스케줄,변동,스케줄변동,예약변동,예약",IBWINGO3940_1656219614591,스케줄 변동 알림
"
#{수신자명}님, 안녕하세요 #{발신 스페이스}입니다.
참여해 주신 체험단에 선정되어 안내해 드립니다.

▶ 체험 일정 : #{체험 일정}
▶ 체험 내용 : #{체험 내용}

체험 일정과 내용을 확인하시고, 즐거운 시간 되시길 바랍니다.

체험 후 만족스러우셨으면, 홈페이지에 후기를 남겨주세요.
감사합니다.",예약,예약완료/예약내역,"신청,체험,예약,예약완료,예약안내,방문,방문체험",IBWINGO3940_1656220896747,체험 신청 완료
"
#{수신자명}님 안녕하세요
현재 고객님의 아래 주문 건의 결제가 진행되지 않아 '연체 대기' 상태가 되었습니다.

▶ 주문번호 : #{주문번호}
▶ 상품명 : #{상품명}
▶ 결제금액 : #{결제금액}원
▶ 결제 기한일 : #{결제 기한일}

결제 기한이 마감될 때까지 결제가 완료되지 않을 경우, '연체' 상태로 변경되오니 결제 기한일까지 확인 부탁드립니다.",예약,예약상태,"연체,요금,결제,미납,주문,구매,납부,연체알림,납부알림",IBWINGO3940_1656220921731,연체 대기
"
안녕하세요 #{수신자명}고객님.
상담이 정상적으로 신청되었으며, 문의주셨던 상담에 만족할 수 있도록 항상 최선을 다하겠습니다.

▶ 상담 일정 : #{상담 일정}
▶ 상담사 : #{상담사}
▶ 문의 내용 : #{문의 내용}

추가 궁금하신 문의사항은 대표번호로 연락 주시거나 홈페이지를 통해 문의 내용 남겨주시면 최대한 빠르게 답변드리겠습니다.

감사합니다.",예약,예약상태,"예약,상담,예약확인,예약정보,예약안내,예약알림",IBWINGO3940_1656220947836,상담 예약 안내
"
#{수신자명}님. #{발신 스페이스}입니다.
예약일 #{일자}에 미내원이십니다.
문의 후 내원 부탁드립니다.

▶ 예약 문의 : #{예약 문의}
▶ 오시는 길 : #{오시는 길}

감사합니다.
- #{발신 스페이스} -",예약,예약상태,"병원,내원,미내원,예약,알림,예약취소",IBWINGO3940_1656221020780,미내원 안내
"
안녕하세요 #{수신자명}님,
변경된 예약 정보 안내해 드립니다.

▶ 예약자 : #{예약자}
▶ 이전 예약일 : #{이전 예약일}
▶ 예약 변경일시 : #{예약 변경일시}

예약 취소 또는 변경사항이 있으실 경우 아래의 번호로 연락 부탁드립니다.

▶ 문의 : #{문의}",예약,예약상태,"예약,변경,예약변경,예약안내,예약취소,취소",IBWINGO3940_1656221076935,예약 변경
"
안녕하세요. #{수신자명} 고객님.
신청하신 상담의 상담원이 배정되었습니다.
상담원 변경을 원하실 경우, 고객센터로 연락 부탁드립니다.

- 고객센터 : #{고객센터}

<배정 상담원 안내>
▶ 상담원 : #{상담원}
▶ 전화번호 : #{전화번호}

고객님의 상담을 위하여 빠른 시일 내에 전화 드릴 예정입니다.
감사합니다.",예약,예약상태,"예약,배정,상담,상담원,전화상담,담당",IBWINGO3940_1656224147368,상담원 배정 안내
"
안녕하세요 #{수신자명}님,
#{예약일} 은 고객님 예약일입니다.
예약시간 변경 시 미리 연락주시기 바랍니다.

감사합니다.",예약,예약알림/리마인드,"예약,알림,예약알림,예약일,예약확인",IBWINGO3940_1656053464609,예약 알림
"
안녕하세요. #{수신자명}님,
#{발신 스페이스}에 문의 주셔서 감사합니다.
관심있는 부분을 좀 더 자세히 알 수 있도록 도와드리겠습니다.
상담 예약 일정을 안내드리니, 확인 부탁드립니다.

▶ 예약자 : #{예약자}
▶ 예약시간 : #{예약시간}

예약일에 만나 뵙겠습니다.
감사합니다.",예약,예약완료/예약내역,"상담일정,상담,예약,상담예약,방문,방문상담,예약일정",IBWINGO3940_1655975604303,상담 예약 안내
"
#{수신자명}님의 영상상담이 예약되었습니다.
아래 예약 정보를 확인해주세요.

▶ 예약자명 : #{예약자명}
▶ 상담일시 : #{상담일시}
▶ 전화번호 : #{전화번호}

예약된 시간에 맞춰 상담에 참여해주시기 바랍니다.
감사합니다.",예약,예약완료/예약내역,"상담,영상상담,화상,회의,상담예약,예약안내,예약완료",IBWINGO3940_1655976704547,영상상담 예약안내
"
#{수신자명}님의 전화상담이 예약되었습니다.
아래 예약 정보를 확인해주세요.

▶ 예약자명 : #{예약자명}
▶ 상담일시 : #{상담일시}
▶ 전화번호 : #{전화번호}

상담일시에 #{상담번호} 번호로 상담 진행해주세요.
감사합니다.",예약,예약완료/예약내역,"상담,전화상담,유선,회의,상담예약,예약안내,예약완료",IBWINGO3940_1655976746753,전화상담 예약안내
"
진료 예약이 완료되었습니다.

▶ 성명 : #{성명}
▶ 진료 일시 : #{진료 일시}

예약일에 내원이 어려우신 경우 다른 환자 분들을 위해 전화 부탁드립니다.

[진료 시간 안내]
#{진료 시간}",예약,예약완료/예약내역,"진료,예약,내원,입원,병원,예약완료,예약",IBWINGO3940_1655976788376,진료 예약 안내
"
#{수신자명}님 안녕하세요. 오늘은 예약하신 진료일입니다.

▶ 진료 일시 : #{진료 일시}

예약 변경을 원하시면 아래 전화로 연락 부탁드립니다.
#{전화 번호}",예약,예약완료/예약내역,"진료,예약,내원,입원,병원,예약완료,예약,당일,금일,리마인드",IBWINGO3940_1655976825874,금일 진료 예약 안내
"
안녕하세요. #{수신자명} 고객님.
상담 신청해 주셔서 감사드리며, 상담 담당자를 안내드립니다.

▶ 배정 상담원 안내
- 이름 : #{상담원명}
- 전화번호 : #{전화번호}

고객님의 상담을 위하여 빠른 시일 내에 전화 드릴 예정입니다.
감사합니다.",예약,예약상태,"예약,배정,상담,상담원,전화상담,담당",IBWINGO3940_1655976867769,상담원 배정 안내
"
안녕하세요. #{수신자명} 고객님.
배정된 상담원이 변경되어 안내드립니다.
빠른 시일 내에 연락드리겠습니다.

▶ 배정 상담원 안내
- 이름 : #{상담원명}
- 전화번호 : #{전화번호}

감사합니다.",예약,예약상태,"예약,배정,상담,상담원,전화상담,담당,변경,수정",IBWINGO3940_1655977006745,상담원 변경 안내
"
안녕하세요. #{수신자명}님,
#{발신 스페이스}입니다.

#{수신자명}님의 예약이 변경되었습니다.
▶ 변경 예약 일시 : #{변경 예약 일시}

감사합니다.",예약,예약상태,"예약,예약변경,변경,수정,일정,일정안내,일정변경",IBWINGO3940_1655977065217,예약 변경 안내
"
#{수신자명}님, 안녕하세요.
내일 #{서비스명} 예약입니다.
늦지 않게 방문 부탁드려요.

#{예약취소시간} 이상 지각 시 예약 자동 취소되오니, 예약 시간을 지켜주시기 바랍니다.

감사합니다.",예약,예약알림/리마인드,"예약,리마인드,예약알림,예약안내,예약공지,방문,방문예약",IBWINGO3940_1655977100650,예약 안내
"
안녕하세요 #{수신자명}님,
체험학습 신청이 완료 되어 진행 일정 안내해 드립니다.

▶ 체험 일정 : #{체험 일정}
▶ 체험 장소 : #{체험 장소}
▶ 주의 사항 : #{주의 사항}

일정을 확인하시고 시간 착오 없이 참여해주세요.
감사합니다.",예약,예약완료/예약내역,"체험,체험학습,예약,예약완료,일정안내,일정",IBWINGO3940_1656293759208,체험 학습 신청 안내
"
안녕하세요 #{수신자명}님,
#{발신 스페이스}에 예약해 주셔서 감사합니다.
예약하신 날짜와 예약금 안내 드립니다.

▶ 예약일 : #{예약일}
▶ 예약금 : #{예약금}

예약금을 입금하시면 예약이 확정됩니다.
결제 기한까지 예약금을 입금하지 않으시면 예약이 취소됩니다.

자세한 내용은 홈페이지에서 확인해주세요.",예약,예약완료/예약내역,"예약,예약금,예약일,예약안내,안내,미납,입금,예약금액",IBWINGO3940_1655797610883,예약금 안내
"
안녕하세요 #{수신자명}님,
예약하신 날짜의 예약금이 입금되지 않아 안내 드립니다.
입금 마감 시간까지 입금이 되지 않으면 예약이 취소됩니다.

▶ 예약금 : #{예약금}
▶ 입금 계좌번호 : #{입금 계좌번호}
▶ 입금 기한 : #{입금 기한}

감사합니다.",예약,예약상태,"예약,예약금,예약일,예약안내,안내,미납,입금,취소,미입금,예약금액",IBWINGO3940_1655797695849,예약금 미입금 알림
"
안녕하세요 #{수신자명}님 #{발신 스페이스}입니다.
입금 마감 시간까지 예약금이 입금되지 않아 예약이 취소되었습니다.
재예약을 원하실 경우 홈페이지에서 다시 예약 부탁드립니다.

감사합니다.",예약,예약취소,"예약,예약금,예약일,예약안내,안내,미납,입금,취소,미입금,예약취소,예약금액",IBWINGO3940_1655797774049,예약 취소 알림
"
안녕하세요 #{수신자명}님,
예약이 확정 처리되었습니다.

[예약정보]
- 예약자명 : #{예약자명}
- 예약일자 : #{예약일자}
- 주소 : #{주소}

[코로나19 출입 안내사항]
출입 시 발열검사 및 코로나 문진을 시행합니다. 
출입에 대기가 발생할 수 있으므로 예약 시간 10분 전까지 미리 방문해 주시길 부탁드립니다.

자세한 정보는 아래의 버튼을 누르시면 확인하실 수 있습니다.",예약,예약완료/예약내역,"예약,예약확정,확정,예약안내,안내",IBWINGO3940_1656053044514,예약 확정 안내
"
안녕하세요 #{수신자명}님,
고객님이 신청하신 #{예약명}이 #{예약상태} 상태입니다.

▶ 예약명 : #{예약명}
▶ 예약일정 : #{예약일정}

자세한 내용을 확인하시려면 아래 버튼을 눌러주세요.",예약,예약상태,"예약,예약상태,예약확인,예약안내,리마인드",IBWINGO3940_1656053121245,예약 상태 안내
"
안녕하세요 #{수신자명}님,
고객님의 #{예약명} 예약이 취소되었습니다.

▶ 예약명 : #{예약명}
▶ 예약 번호 : #{예약 번호}
▶ 취소 사유 : #{취소 사유}

감사합니다.",예약,예약취소,"예약,취소,예약취소,예약안내,취소알림",IBWINGO3940_1656053329898,예약 취소 안내
"요청하신 #{발신 스페이스}이
일정에 어려움이 있어 취소되었습니다.

▶신청 일정명: #{신청 일정명}
▶요청한 날짜와 시간: #{요청일시}

아래의 버튼을 클릭하시면 강사의 일정을 확인하실 수 있습니다.
감사합니다.",예약,예약취소,"레슨,예약,수업,취소,강의,학원,예약취소,예약거절,서비스거절,서비스취소",IBWINGO3940_1643015944536,거절 안내
"
#{수신자명}고객님, 예매가 취소되었습니다.
▶예매 상품명: #{예매 상품명}
▶예매번호 : #{예매번호}
▶취소일자: #{취소일자}

예약내역을 보시러면 아래 버튼을 클릭해주세요.
감사합니다.",예약,예약취소,"예매,취소,예매취소,예약취소,예약,티켓취소",IBWINGO3940_1642743517077,예매 취소 안내
"
안녕하세요, #{발신 스페이스}입니다.
내일 #{주소}에 #{매니저명} 매니저님이 방문 드려
서비스 예정입니다.

문의사항은 아래 버튼을 클릭해 주세요.",예약,예약알림/리마인드,"서비스,서비스안내,서비스일정,예정,방문서비스,예약일정,일정안내",IBWINGO3940_1642743562252,방문 예정 안내
"
안녕하세요 #{수신자명}님,
서비스 시작 #{분} 전 입니다.
서비스 내용을 확인해주세요.

<신청 내역>
▶사용 서비스: #{사용 서비스}
▶서비스 금액: #{서비스 금액}

문의사항은 아래 버튼을 클릭해 주세요.",예약,예약알림/리마인드,"리마인드,알림,서비스,서비스안내,시작,예약알림",IBWINGO3940_1642743608340,서비스 일정 안내
"
안녕하세요 #{수신자명}님,
예약 일정 안내드립니다. 

▶예약자: #{예약자}
▶예약일시: #{예약일시}
▶장소: #{장소}

감사합니다.",예약,예약알림/리마인드,"예약,예약알림,알림,예약정보,예약안내,방문,리마인드,예약완료",IBWINGO3940_1643014781343,예약 안내
"
#{수신자명} 고객님,
예약하신 서비스가 내일 진행될 예정입니다.
원활한 서비스 진행을 위해 서비스 일정과 주소를 다시 한번 확인해 주세요.

▶일정: #{일정}
▶주소: #{주소}

감사합니다.",예약,예약알림/리마인드,"예약,예약알림,알림,예약정보,예약안내,방문,일정안내,예약일정,리마인드",IBWINGO3940_1643014796040,서비스 알림
"
#{수신자명} 고객님
#{발신 스페이스}입니다.

#{예약서비스}이 미결제로 인해 예약이 완료되지 않았습니다.

자세한 예약 내역을 확인하시려면 아래 ""내역 확인하기"" 버튼을 눌러주세요.",예약,예약알림/리마인드,"예약,결제,예약안내,미납",IBWINGO3940_1643091195749,결제 요청 안내
"
상담 #{발신 스페이스}일 전입니다.
예약된 시간을 확인해주시기 바랍니다.

▶상담 일시: #{상담 일시}

아래의 ""상담 진행하기""버튼을 클릭해 주세요.",예약,예약알림/리마인드,"상담,예약,예약알림,예약안내",IBWINGO3940_1642743789497,상담 예약 안내
"
안녕하세요 #{수신자명}님,
오늘은 #{발신 스페이스} 예약 당일입니다.

<예약 정보>
▶예약자명: #{예약자명}
▶예약 일자: #{예약 일자}

잠시 후 뵙겠습니다.
감사합니다.",예약,예약알림/리마인드,"예약,예약,예약알림,예약안내,리마인드,예약안내",IBWINGO3940_1642743859834,예약 알림
"
안녕하세요, #{발신 스페이스}입니다.
#{서비스} 예약 취소되었습니다.

문의사항은 고객센터(☎#{고객센터번호}) 혹은 아래를 클릭해 주세요.",예약,예약취소,"예약,취소,예약취소,안내,알림,예약안내",IBWINGO3940_1643014761929,예약 취소 안내
"
안녕하세요, #{발신 스페이스}입니다.
고객님의 예약 진행건이 결제기한 만료로 취소되었습니다.

문의사항은 고객센터(☎#{고객센터번호}) 혹은 아래를 클릭해 주세요.",예약,예약취소,"결제,만료,기한,예약,취소,미납,예약취소,예약안내,결제취소",IBWINGO3940_1642990750661,결제 기한 만료 안내
"
안녕하세요 #{발신 스페이스}입니다.
죄송합니다. 요청 주신 일정에 배정 가능한 매니저가 없거나 기타 사유로 예약 진행이 어렵습니다.

해당 예약 건은 취소되었으며, 문의사항은 고객센터(☎#{고객센터번호}) 혹은 아래를 클릭해 주세요.",예약,예약취소,"예약,취소,예약취소,거절,예약안내,서비스취소,접수취소,접수",IBWINGO3940_1642990820197,예약 취소 안내
"
안녕하세요, #{수신자명}님,
아래 서비스가 취소되었습니다.

<예약 내역>
▶서비스명: #{서비스명}
▶서비스 날짜/시간 : #{서비스 날짜/시간}
▶서비스 금액: #{서비스 금액}

문의사항은 아래를 클릭해 주세요.",예약,예약취소,"서비스,취소,예약,예약취소,일정취소,서비스안내,일정안내,취소알림",IBWINGO3940_1642990862158,서비스 취소 안내
"
안녕하세요, #{수신자명}님,
일정 취소 안내드립니다.

▶일정: #{일정}
▶날짜/시간: #{날짜/시간}

일정에 착오 없으시길 바랍니다.

문의사항은 아래를 클릭해 주세요.",예약,예약취소,"서비스,취소,예약,예약취소,일정취소,일정,일정안내,예약안내",IBWINGO3940_1642990902557,일정 취소 안내
"
#{수신자명}님의 사전등록이 취소 되었습니다.

▶예약자 : #{예약자}
▶사전등록물품 : #{사전등록물품}

#{발신 스페이스}을 이용해주셔서 감사합니다.",예약,예약취소,"사전등록,취소,구매,입고,구매취소,예약취소,사전구매",IBWINGO3940_1642728014824,사전등록 취소
"
안녕하세요 #{수신자명}님,
요청하신 방문 예약이 #{취소 사유}로 인하여 거절되었습니다.

▶예약 장소 : #{예약 장소}
▶일시 #{취소일시}

다시 예약하시려면 아래를 클릭해 주세요.",예약,예약취소,"방문,예약,방문서비스,취소,예약취소,거절,서비스취소,서비스거절",IBWINGO3940_1642728538190,방문 예약 취소 안내
"
#{수신자명}님, 환영합니다.
#{발신 스페이스}일차 일정 안내드리겠습니다.

▶참석일 : #{참석일}
(코로나 결과 확인 후 캠프 출근)
▶장소 : #{장소}
▶준비물 : 신분증, 통장 사본(사진 가능)",예약,예약완료/예약내역,"일정,안내,참여,공지,일정안내",IBWINGO3940_1642988450322,일정 안내
"
[#{강사명}] 강사가 요청을 확인하였습니다.
요청하신 일정으로 레슨이 예약되었습니다.

▶예약 날짜와 시간: #{예약 날짜와 시간}
▶강사 이름: #{강사명} 님

그럼, 레슨 시간에 뵙겠습니다.
감사합니다.",예약,예약완료/예약내역,"수업,레슨,예약,학원,강의",IBWINGO3940_1643014613050,예약 완료 안내
"[예약 완료 안내}

시험장 사용신청 예약이 승인되었습니다.

▶예약번호 : #{예약번호}
▶시험자 : #{시험자}
▶시험 일자 : #{시험 일자}
▶예약 시험장 : #{예약 시험장}",예약,예약완료/예약내역,"예약,운전,시험,시험장,사용신청",IBWINGO3940_1643014630128,[예약 완료 안내}
"[#{발신 스페이스} 설명회 예약 완료]

2022년도
#{발신 스페이스} 설명회 예약이 되셨습니다.

▶일시: #{일시}
▶주소: #{주소}

문의는 아래를 눌러 주세요.
감사합니다.",예약,예약완료/예약내역,"입학,설명회,학교,예약,입시,입사,회사,행사,오티,오리엔테이션",IBWINGO3940_1642989079191,설명회 예약 완료
"
#{강의명}이 예약되었습니다.

▶예약 날짜와 시간: #{예약 날짜와 시간}
▶강사 이름: #{강사 이름} 님

감사합니다.",예약,예약완료/예약내역,"수업,레슨,예약,학원,강의,강사,선생님,안내",IBWINGO3940_1643014658408,예약 완료
"
회원님이 신청하신 #{발신 스페이스}의 접수가 확인되어 일정 및 참여 방법 안내드립니다.

▶#{발신 스페이스} 일정 : #{일정}
교육 당일 전, 신청하신 메일로 안내 드립니다.

참여방법에 대한 자세한 내용을 확인하시려면 아래의 버튼을 눌러주세요.",예약,예약완료/예약내역,"교육,접수,일정,신청,수업,강의,예약",IBWINGO3940_1642989190735,접수 완료 안내
"
#{수신자명} 고객님,
확정된 예약 정보를 확인해 주세요.

▶요청 서비스: #{요청 서비스}
▶서비스 일시: #{서비스 일시}
▶담당: #{담당}

서비스 취소를 원하신다면 아래의 예약확인을 통해 취소 신청 부탁드립니다.",예약,예약완료/예약내역,"예약,예약완료,예약확정,예약정보,예약안내,예매,서비스,방문,요청",IBWINGO3940_1643014699200,예약 확정
"
#{수신자명}고객님, #{상품명} 예매가 완료 되었습니다.

▶상품명: #{상품명}
▶예매일자: #{예매일자}
▶예매번호: #{예매번호}",예약,예약완료/예약내역,"예약,예매,예매완료,공연,행사,티켓,영화,상품,구매",IBWINGO3940_1642989858115,예매 완료 안내
"
#{발신 스페이스} 서비스 신청이 성공적으로 완료되었습니다.
신청하신 동네에 서비스가 오픈되면 카카오 알림 톡으로 안내해 드릴게요.",예약,예약완료/예약내역,"수리,고장,예약,신청,AS,서비스,사전등록,사전,신청완료",IBWINGO3940_1642989895930,서비스 신청 완료
"
#{수신자명} 고객님,
소중한 예약이 요청 완료되었습니다.

▶예약번호: #{예약번호}
▶요청 서비스: #{요청 서비스}
▶주소: #{주소}

빠른 시일 내 상담원이 예약 관련 안내드릴 예정입니다.

*주말/공휴일은 상담이 진행되지 않습니다.",예약,예약완료/예약내역,"예약,예약완료,상담,예약안내,예약알림,서비스,요청완료",IBWINGO3940_1643014719735,예약 요청 완료
"#{서비스} 신청이 완료되었습니다.

당첨자는 #{당첨자발표}부터 개별 연락드릴 예정입니다.
신청 내역 변경 또는 취소 원하시는 분들은 반드시 신청 기간 내 예약 취소 및 재 신청 바랍니다.

▶신청 기간 : #{신청 기간}
▶당첨자 발표 : #{당첨자 발표}부터 당첨자 개별 연락",예약,예약완료/예약내역,"예약,신청,예약안내,예약알림,예약완료,당첨",IBWINGO3940_1642989982858,예약 신청 완료
"
#{수신자명}님, 반갑습니다.
#{서비스} 체험 신청 예약이 정상적으로 완료되었습니다.
방문 전 다시 안내 드릴 예정이오니 이점 참고 바랍니다.

▶방문 일정 : #{방문 일정}
▶방문 장소 : #{방문 장소}

자세한 안내 사항은 아래 버튼을 클릭해 주세요.",예약,예약완료/예약내역,"신청,체험,예약,예약완료,예약안내,방문,방문체험",IBWINGO3940_1642990043169,체험 신청 완료
"[결제 미리 알림}

#{서비스} 무료 사용기간이 만료 예정입니다.

#{유료전환일}일 후부터는 유료로 전환되며, 매월 같은 날짜에 #{서비스사용료}원이 결제될 예정입니다.

문의사항이 있을 경우, #{발신 스페이스} 게시판 또는 카카오톡 채널로 접수 부탁드립니다.",예약,예약상태,"결제,정기,만료,정기결제,서비스,알림,결제알림,연장",IBWINGO3940_1642990226810,[결제 미리 알림}
"
#{수신자명}님 안녕하세요
현재 고객님의 아래 주문 건의 #{결제 차수}차 결제가 상환되지 않아 '연체 대기' 상태가 되었음을 안내드립니다.
'연체 대기' 상태는 주문 시 고객님이 직접 설정한 #{결제 차수}차 결제일(#{1차 결제일})에 정상 상환되지 않는 경우 다음날부터 5 영업일 간 유예기간을 제공하여 불이익 없이 고객님의 개인 사정, 은행 오류 등으로 인한 미상환을 해소하기 위한 기간입니다.

▶주문번호 : #{주문번호}
▶상품명 : #{상품명}
▶#{결제 차수}차 결제예정금액 : #{결제예정금액}원
▶주문 상태 : 연체 대기

단, '연체 대기' 종료일까지도 잔금이 상환되지 않아 '연체'가 확정된 경우 채권 상태 표기가 '연체 대기'에서 본격 '연체' 상태로 변경되며 불이익이 발생할 수 있습니다.",예약,예약상태,"연체,요금,결제,미납,주문,구매,납부,연체알림,납부알림",IBWINGO3940_1642990263817,연체 대기
"
#{수신자명}님, 예약 안내드립니다.
▶예약 일정: #{예약 일정}
▶오시는 길: #{오시는 길}
▶예약문의: #{예약문의}

감사합니다.",예약,예약상태,"예약,예약확인,예약정보,안내,알림,리마인드,예약안내",IBWINGO3940_1642990313127,예약 안내
"
#{수신자명}님, #{발신 스페이스}입니다.
상담 예약 확인 안내 문자드립니다.

▶예약 일정 : #{예약 일정}
▶오시는 길: #{오시는 길}
▶예약문의: #{예약문의}

감사합니다.",예약,예약상태,"예약,상담,예약확인,예약정보,예약안내,예약알림",IBWINGO3940_1642990348753,상담 예약 안내
"
#{수신자명}님 예약된 #{일자}에 방문하지 않으셨습니다.
문의 후 내원 부탁드립니다.

▶예약문의: #{예약문의}
▶오시는 길: #{오시는 길}

감사합니다.",예약,예약상태,"병원,내원,미내원,예약,알림,예약취소",IBWINGO3940_1642990384456,미내원 안내
"
#{수신자명}님의 행사 예약이 변경되었습니다.
▶변경 예약 일시: #{변경 예약 일시}
▶주소: #{주소}
▶지참물: #{지참물}

▶기타 상세한 내용은 아래 버튼을 눌러주세요.",예약,예약상태,"행사,방문,예약,변경,수정,예약변경,예약변경안내,예약안내",IBWINGO3940_1642990448904,예약 변경 안내
"
▶성명: #{성명}
▶이전 예약일: #{이전 예약일}
▶예약 변경일 시: #{예약 변경일 시}

예약 취소 또는 변경사항이 있으실 경우 아래의 번호로 연락 부탁드립니다.

▶예약취소 및 변경 문의: #{문의 전화}",예약,예약상태,"예약,변경,예약변경,예약안내,예약취소,취소",IBWINGO3940_1642990481782,예약 변경
"[서비스 신청완료]

#{수신자명}님 #{서비스} 신청이 완료되었습니다.
아래 정보를 확인해주세요.

<상품정보>
▶상품명: #{상품명}
▶이용기간: #{이용기간}

<유의사항>
#{유의사항}",예약,예약상태,"구매,신청,정기,신청완료",IBWINGO3940_1642990538500,서비스 신청완료
"[#{서비스} 신청취소]

#{수신자명}님 #{서비스} 신청이 취소 완료되었습니다.
아래 정보를 확인해주세요.

<상품정보>
▶상품명: #{상품명}
▶취소일자: #{취소일자}

<신청자 정보>
#{신청자 정보}",예약,예약취소,"구매,정기,취소,상품취소,서비스취소,신청취소,신청",IBWINGO3940_1642990588948,서비스 신청취소
"[#{서비스} 신청]

#{수신자명}님 #{서비스} 신청이 접수되었습니다.
아래 정보를 확인하시고 일치하지 않는 경우 문의해주세요.

<상품정보>
▶상품명: #{상품명}
▶신청일자: #{신청일자}

<신청자 정보>
#{신청자 정보}",예약,예약상태,"구매,신청,정기,상품안내,상품신청안내,서비스신청",IBWINGO3940_1643014737054,서비스 신청
"
안녕하세요 #{수신자명}님,
고객님의 예약 정보를 안내해드립니다.

▶ 예약자명: #{예약자명}
▶ 예약일시: #{예약일시}
▶ 관련문의: #{관련문의}
▶ 주소: #{주소}

변경사항이 있으신 경우 24시간 전까지 연락 부탁드리며, 
예약시간에 늦지 않게 방문 부탁드립니다.

감사합니다.",예약,예약완료/예약내역,"예약,예약안내,예약정보,안내,예약알림",IBWINGO202_1638775537367,예약 안내
"
안녕하세요 #{수신자명}님,
고객님의 지난 예약 정보를 안내해드리며, 재예약을 원하시면 아래의 버튼을 클릭해 주세요.

▶ 환자명: #{환자명} 
▶ 지난예약: #{지난예약}",예약,예약알림/리마인드,"예약,재예약,재예약안내,예약안내,리마인드",IBWINGO202_1638775580817,재예약 안내
"
안녕하세요 #{수신자명}님,
예약이 확정 처리되었습니다.

[예약정보]
- 예약자명 : #{예약자명}
- 예약일자 : #{예약일자}
- 주소 : #{주소}

[코로나19 출입 안내사항]
출입 시 발열검사 및 코로나 문진을 시행합니다. 
출입에 대기가 발생할 수 있으므로 예약 시간 10분 전까지 미리 방문해 주시길 부탁드립니다.

자세한 정보는 아래의 버튼을 누르시면 확인하실 수 있습니다.",예약,예약완료/예약내역,"예약,예약확정,확정,예약안내,안내",IBWINGO202_1638768203195,예약 확정 안내
"
안녕하세요 #{수신자명}님,
고객님이 신청하신 #{예약명}이 #{예약상태} 상태입니다.

자세한 내용을 확인하시려면 아래 버튼을 눌러주세요.",예약,예약상태,"예약,예약상태,예약확인,예약안내,리마인드",IBWINGO202_1638768272710,예약 상태 안내
"
안녕하세요 #{수신자명}님,
고객님의 #{서비스} 예약이 취소되었습니다.

▶ 예약 번호 : #{예약 번호}",예약,예약취소,"예약,취소,예약취소,예약안내,취소알림",IBWINGO202_1638768320558,예약 취소 안내
"
안녕하세요 #{수신자명}님,
#{예약일자} 은 고객님 예약일입니다.
예약시간 변경 시 미리 연락주시기 바랍니다.

감사합니다.",예약,예약알림/리마인드,"예약,알림,예약알림,예약일,예약확인",IBWINGO202_1638768367517,예약 알림
"
안녕하세요 #{수신자명}님,
고객님 예약일에 스케줄이 갑작스럽게 변동이 되어 연락드렸습니다.
확인하시면 연락 부탁 드립니다.

[예약 시간 안내]
#{예약 시간 정보}",예약,예약상태,"스케줄,변동,스케줄변동,예약변동,예약",IBWINGO202_1638768417438,스케줄 변동 알림
"안녕하세요 #{수신자명}님,
#{예약일} 은 고객님 예약일입니다.

※ 예약하신 일정을 확인하시고 예약신청일과 시간에 방문 부탁드립니다.
※ 해당 일자에 방문이 불가하신 경우, 다른 고객분들이 체험 신청 할 수 있도록 예약취소 부탁드립니다.",예약,예약알림/리마인드,"예약,노쇼,예약알림,노쇼방지,리마인드",IBWINGO202_1638768486901,예약 안내
"
안녕하세요 #{수신자명}님,
경조사 안내해 드립니다.

▶ 경조사 : #{경조사}
▶ 일시 : #{일시}
▶ 오시는 길 : #{오시는 길}
▶ 유의사항 : #{유의사항}

유의사항을 확인하시고, 참석 부탁드립니다.
감사합니다.",업무알림,주문/예약,"경조사,경조사알림,사내,장례식,결혼식",IBWINGO3940_1656220658196,경조사 안내
"
안녕하세요 #{수신자명}님,
사내 일정을 알려드리오니, 일정 및 내용을 확인하시고 해당 되는 임직원 분들은 참여해주시기 바랍니다.

▶ 일정명 : #{일정명}
▶ 일시 : #{일시}
▶ 상세 내용: #{상세 내용}

※ 이 메시지는 임직원들 대상으로 전송되는 메시지입니다.",업무알림,내부 업무 알림,"사내,사내일정,일정,일정알림,내부업무",IBWINGO3940_1656220720986,사내 일정 알림
"
안녕하세요 #{수신자명}님,
사내 일정을 알려드립니다.

▶ 날짜: #{날짜}
▶ 상세내용: #{상세내용}",업무알림,내부 업무 알림,"사내,사내일정,일정,일정알림,내부업무",IBWINGO3940_1656053384287,사내 일정 알림
"
주문이 #{주문건수}건 접수되었습니다.
주문 배송처리를 해주세요.",업무알림,주문/예약,"배송,업무,주문,예약,사내,사내알림,업무알림",IBWINGO3940_1642743931659,배송 요청
"
▶예약번호 : #{예약번호}
▶예약자 : #{예약자}
▶예약 일정 : #{예약 일정}

예약 상세 내역은 홈페이지에서 로그인 후 확인하실 수 있습니다.",업무알림,주문/예약,"예약취소,예약,취소,사내업무,업무,업무알림",IBWINGO3940_1643014814492,고객 예약 취소
"
서비스 예약이 접수되었습니다.
관리자 페이지에서 예약을 승인해 주세요.",업무알림,주문/예약,"관리자,사내업무,예약,예약신청,주문,예약접수,업무알림",IBWINGO3940_1642744623496,서비스 예약 접수 안내
"
서비스 예약이 확정되었습니다.
관리자 페이지에서 예약 내용을 확인해 주세요.",업무알림,주문/예약,"관리자,사내업무,예약,예약완료,주문,업무알림",IBWINGO3940_1642744650735,서비스 예약 확정 안내
"
서비스 예약이 취소되었습니다.
관리자 페이지에서 취소된 예약 내용을 확인해 주세요.",업무알림,주문/예약,"관리자,사내업무,예약,예약취소,주문,취소,업무알림",IBWINGO3940_1642744679655,서비스 예약 취소 안내
"
안녕하세요, #{발신 스페이스}입니다.
#{수신자명}님 서비스 확정 안내드립니다.

▶주소 : #{주소}

자세한 서비스 예약 내역은 아래 버튼을 클릭해 주세요.",업무알림,주문/예약,"배정,배정완료,서비스,예약,업무,업무알림,고객",IBWINGO3940_1642744711535,배정 완료 알림
"
안녕하세요 #{발신 스페이스}입니다.
#{수신자명}님 서비스 일정 변경 안내드립니다.

▶변경사항
#{변경사항}",업무알림,주문/예약,"서비스,일정변경,변경,업무,주문,예약,고객,업무알림",IBWINGO3940_1642744825468,일정 변경 알림
"
안녕하세요 #{수신자명}님,
경조사 일정을 알려드립니다.

▶ 경조유형 : #{경조유형}
▶ 경조일시 : #{경조일시}
▶ 경조내역 : #{경조내역}",업무알림,주문/예약,"경조사,경조사알림,사내,장례식,결혼식",IBWINGO202_1638939192499,임직원 경조사 알림
"
안녕하세요 #{수신자명}님,
사내 일정을 알려드립니다.

▶ 날짜: #{날짜}
▶ 상세내용: #{상세내용}",업무알림,내부 업무 알림,"사내,사내일정,일정,일정알림,내부업무",IBWINGO202_1638768683763,사내 일정 알림
"
안녕하세요 #{수신자명}님,
예약이 발생했습니다.

▶ 예약 번호: #{예약 번호}
▶ 예약자: #{예약자}
▶ 상품명: #{상품명}

예약 상세 내역은 홈페이지에서 확인하실 수 있습니다.
예약 내역을 빨리 파악할수록 고객 응대에 도움이 됩니다.

오늘도 즐거운 하루 되세요.",업무알림,주문/예약,"업무,업무알림,예약,예약알림,사내업무",IBWINGO202_1638768726068,사내 예약 알림
"
안녕하세요 #{수신자명}님,
고객님께서 신청하신 방송이 지금 시작합니다.
 
▶ 방송명 : #{방송명}
▶ 방송 시작 시간 : #{방송 시작 시간}
 
※ 신청하신 방송은 당사의 운영에 따라 시간 혹은 내용이 변경될 수 있습니다.
※ 신청하신 시간에 라이브로 진행되며, 라이브가 종료된 후에는 녹화된 방송으로 확인하실 수 있습니다.",서비스이용,이용안내/공지,"방송알림,방송안내,방송시작,방송,라이브방송,방송시작안내",IBWINGO202_1638843425889,방송 알림
"
안녕하세요 #{수신자명}님,
항상 #{발신 스페이스}의 #{서비스명}를 이용해주셔서 감사합니다.

이용에 불편함이 없도록 항상 최선을 다하겠습니다. 감사합니다.",서비스이용,구매감사/이용확인,"감사인사,고객감사,이용감사,감사,구매감사,피드백",IBWINGO3940_1656053695393,이용 감사 인사
"
안녕하세요 #{수신자명}님, 
#{발신 스페이스}에서 휴무일 안내드립니다.

▶  휴무기간: #{휴무기간}",서비스이용,이용안내/공지,"휴무일,휴일,공지,휴무일안내,휴일안내",IBWINGO3940_1656054086308,휴무 안내
"
안녕하세요 #{수신자명}님,
기다리시던 #{서비스} 잘 받으셨나요?
이용 후기를 남겨주시면 #{상품}을 선물로 드립니다!

아래 링크를 클릭해 지금 후기를 작성해 보세요~",서비스이용,구매감사/이용확인,"리뷰,후기,이벤트,이용후기,피드백",IBWINGO3940_1656053665915,이용 후기 이벤트
"
안녕하세요. #{발신 스페이스}입니다.
#{수신자명}님 #{진료명} 진료 예약일입니다.

진료일 내원하여 면담이 필요합니다.

* 내원 전 연락주시면 진료시간 안내드리겠습니다.

<이용 안내>
▶ 운영 시간 : #{운영 시간}
▶ 정기 휴진일 : #{정기 휴진일}

감사합니다.",서비스이용,리마인드,"예약,리마인드,예약알림,예약안내,병원,진료안내,진료알림,내원,내원안내,병원진료",IBWINGO3940_1656222905540,진료 예약 알림
"
안녕하세요 #{수신자명}님,
고객님께서 신청하신 #{방송명}에 대해 미리 알림 드립니다.
 
▶ LIVE 명 : #{LIVE 명}
▶ LIVE 일시 : #{LIVE 일시}

늦지 않게 참여해주세요.
 
※ 신청하신 방송은 시간 혹은 내용이 변경될 수 있습니다.",서비스이용,이용안내/공지,"방송,라이브,방송알림,방송안내,공지방송,라이브알림,라이브시작",IBWINGO3940_1656222801838,방송 알림
"
안녕하세요 #{수신자명}님,
신청하신 #{발신 스페이스} 일정을 안내해 드립니다.

▶ 신청일 : #{신청일}
▶ 참가일 : #{참가일}
▶ 참가 시 주의사항 : 홈페이지에서 신청해주세요.

※ 이 메시지는 신청하신 회원들에게 전송되는 1회성 메시지입니다.",서비스이용,이용안내/공지,"참가안내,참가,일정안내,일정,이용안내,참가일정",IBWINGO3940_1656222366020,참가 일정 안내
"
안녕하세요 #{수신자명}님,
고객님께서 문의하신 매장 이전 안내드립니다.
보다 나은 서비스 제공을 위하여 매장을 이전하였습니다.

▶ 매장 위치 : #{매장 위치}

※ 중단 기간 및 내용은 상황에 따라 변경될 수 있습니다.

저희 #{발신 스페이스}을 이용해주시는 고객님들께 감사드리며, 더욱 노력하는 #{발신 스페이스}이 되겠습니다.",서비스이용,이용안내/공지,"매장이전,이전안내,매장변경,재오픈,매장위치이전",IBWINGO3940_1656222333455,매장 이전 안내
"
안녕하세요 #{수신자명}님,
구매에 감사드리며 #{서비스} 이용권이 지급되었습니다.

▶ 이용권 : #{이용권}
▶ 혜택 : #{혜택}
▶ 유효기간 : #{유효기간}

※ 이 메시지는 고객님의 구매에 의해 지급된 이용권 안내 메시지입니다.",서비스이용,이용안내/공지,"이용,이용권,지급,혜택,이용안내",IBWINGO3940_1656222300068,이용권 안내
"
안녕하세요 #{수신자명}님,
상담 예약 시간이 변경 되어 안내해 드립니다.

▶ 변경된 상담일시 : #{변경된 상담일시}
▶ 전화 번호 : #{전화 번호}
▶ 상담 내용 : #{상담 내용}

일정에 착오 없으시길 바랍니다.
감사합니다.",서비스이용,이용안내/공지,"상담,변경,일정,일정변경,이용안내",IBWINGO3940_1656222395111,상담 시간 변경 안내
"
안녕하세요 #{수신자명}님,
#{발신 스페이스}에서 고객님께서 요청하신 신규 발간 안내해 드립니다.

▶ 상품명 : #{상품명}
▶ 발간일 : #{발간일}

※ 이 메시지는 정기 발간 안내를 요청하신 회원에게 전송되는 메시지입니다.",서비스이용,이용안내/공지,"신규,발간,발간안내,발행,출간",IBWINGO3940_1656222434696,신규 발간 안내
"
안녕하세요 #{수신자명}님,
이번 #{교육명} 교육을 신청해주신 회원님께 감사드리며 교육 내용 안내해 드립니다.

▶ 교육명 : #{교육명}
▶ 교육 내용 : #{교육 내용}
▶ 교육 일시 : #{교육 일시}

교육에 대한 자세한 사항은 홈페이지에서 확인해주세요.",서비스이용,이용안내/공지,"교육,교육안내,수업,강의,강연",IBWINGO3940_1656303910583,교육 안내
"
안녕하세요 #{수신자명}님,
#{교육명} 수업이 예정되어 있습니다.
수업 일정을 확인하시고 착오 없이 참여해주세요.

▶ 수업명 : #{수업명}
▶ 수업 일시 : #{수업 일시}
▶ 수업 내용 : #{수업 내용}

※ 수업에 늦는 경우 수업에 참여할 수 없을 수 있으니, 시간 엄수 부탁드립니다.

감사합니다.",서비스이용,이용안내/공지,"일정,수업,강의,교육,일정안내",IBWINGO3940_1656222510909,일정 안내
"
안녕하세요 #{수신자명}님,
고객님의 라이선스가 곧 만료 예정입니다.

▶ 라이선스 : #{라이선스}
▶ 만료 예정일 : #{만료 예정일}

라이선스 갱신은 홈페이지에서 진행해주세요.
감사합니다.",서비스이용,이용안내/공지,"라이선스,갱신,만료,만기,종료",IBWINGO3940_1656222700679,라이선스 갱신 안내
"
안녕하세요 #{수신자명}님, 
문의가 정상적으로 접수되었습니다.

▶ 문의서 제목 : #{문의서 제목}
▶ 문의 내용 : #{문의 내용}
▶ 답변 예정일 : #{답변 예정일}

최대한 빠른 시일 내에 답변하도록 노력하겠습니다. 감사합니다.",서비스이용,신청접수,"문의,등록,문의접수,문의등록,문의안내",IBWINGO3940_1656222733078,문의 접수 안내
"
안녕하세요 #{수신자명}님,
상담문의에 답변이 등록되었습니다.

▶ 문의 제목 : #{문의 제목}
▶ 상담사 : #{상담사}
▶ 답변 내용 : #{답변 내용}

자세한 답변 내용은 홈페이지에서 확인해주세요.",서비스이용,처리완료,"문의,완료,처리완료,문의안내,완료안내",IBWINGO3940_1656222762173,문의 답변 완료 안내
"
안녕하세요 #{수신자명}님,
티켓 발급이 완료되어 사용 방법 안내해 드립니다.

▶ 티켓명 : #{티켓명}
▶ 사용 기간 : #{사용 기간}
▶ 티켓 번호 : #{티켓 번호}
▶ 사용 방법 : #{사용 방법}

※ 시용 기간이 지나면 티켓 사용은 불가합니다.

※ 이 메시지는 구매하신 티켓 발급 안내 메시지입니다.",서비스이용,이용도구,"이용도구,티켓,발급안내,입장,출입안내",IBWINGO3940_1656222825275,티켓 안내
"
안녕하세요 #{수신자명} 고객님,
구매하신 공연 티켓이 발급 완료되어 안내해 드립니다.

▶ 공연명 : #{공연명}
▶ 공연 일시 : #{공연 일시}
▶ 티켓 번호 : #{티켓 번호}
▶ 유의 사항 : #{유의 사항}

공연 일시 및 유의 사항을 확인하시고 즐거운 관람되세요~

감사합니다.",서비스이용,리마인드,"공연,예매,예약,공연안내,행사,예약안내,일정안내,일정,공연알림",IBWINGO3940_1656305142514,공연 안내
"
안녕하세요 #{발신 스페이스}입니다.
#{수신자명}님께서 요청하신 정기검진 시기 안내입니다.
정기적인 검진으로 건강 관리하세요.

▶ 검진일 : #{검진일}
▶ 전화번호 : #{전화번호}

검진 신청은 홈페이지에서 진행해주세요.

감사합니다.",서비스이용,리마인드,"병원,검진,정기검진,검진알림,내원,검진안내,정기검진안내,일정안내",IBWINGO3940_1656222883571,정기 검진 안내
"
안녕하세요 #{수신자명}님,
수술 예약 안내드립니다.

▶ 수술 날짜 : #{수술 날짜}
▶ 수술명 : #{수술명}
▶ 주의 사항 : #{주의 사항}

전달해드린 주의사항을 꼭 준수하시고 예약일에 뵙겠습니다.

방문 전 궁금하신 사항은 언제든 답변해드리겠습니다. 감사합니다.",서비스이용,리마인드,"병원,예약,수술,예약알림,일정,내원,수술일정,수술안내,예약안내",IBWINGO3940_1656222932956,수술 예약 안내
"
안녕하세요 #{수신자명}님,
경험해보신 샘플은 어떠셨나요?
어제 신청하신 샘플 안내드립니다.

▶샘플이름: #{샘플이름}
▶수령가능기간: #{수령가능기간}

사용하신 샘플을 이용하시고, 후기를 남겨주시면 소정의 혜택을 지급해드립니다.

▶ 혜택 : #{혜택}

감사합니다.

※ 이 메시지는 샘플 안내를 신청하신 회원님들께 지급해드리는 혜택 안내 메시지입니다.",서비스이용,리마인드,"후기,리뷰,샘플,서비스,리마인드,사용후기,샘플안내",IBWINGO3940_1656223287484,신청 샘플 안내
"
안녕하세요 #{수신자명}님,
현재 대기 시간은 #{대기시간}시간 입니다.

▶ 접수 번호 : #{접수 번호}
▶ 상담 신청 내용 : #{상담 신청 내용}

근처에서 대기해 주시기바랍니다.

순서 호출시 자리에 없을 경우 예약이 취소될 수 있습니다.",서비스이용,리마인드,"대기,순서,상담,서비스,순서알림,서비스안내,순번,순번알림",IBWINGO3940_1656223323350,대기 순서 안내
"
배차 결과 안내해 드립니다.

▶ 출발지 및 도착지 : #{출발지 및 도착지}
▶ 기사님 연락처 : #{기사님 연락처}
▶ 요금 : #{요금}

이용해주셔서 감사합니다.",서비스이용,리마인드,"배차안내,배차,버스,기차,비행기,항공권",IBWINGO3940_1656223358013,배차 안내
"
안녕하세요. #{발신 스페이스}입니다.
#{수신자명}님이 대여하신 #{대여물품}가 아직 반납이 되지 않아 연락드립니다.

▶ 대여 물품 : #{대여 물품}
▶ 반납 기한 : #{반납 기한}

반납 기한이 지나지 않게 반납해주시기 바랍니다.
감사합니다.",서비스이용,리마인드,"반납,도서,리마인드,서비스,회수,반납알림",IBWINGO3940_1656223388435,반납 알림
"
안녕하세요 #{수신자명} 멤버님.
#{발신 스페이스}입니다.

#{발신 스페이스}에서 시작되는 #{교육명} 온라인 라이브 교육 안내해 드립니다.
온라인 수업은 #{수업 방식}으로 진행되며 접속 시, 메일로 드리는 안내문 참고 부탁드립니다.

※ 강연 입장 시, 오디오 OFF 설정 부탁드립니다.
※ 늦지 않게 입장해주세요.",서비스이용,이용안내/공지,"개강,학원,수업,개강안내,수강,학교,교육",IBWINGO3940_1656223827929,개강 안내
"
안녕하세요 #{수신자명}님,
#{과정명} 과정의 휴강 안내해 드립니다.

▶ 과정명 : #{과정명}
▶ 휴강일 : #{휴강일}

위 기간내 모든 강의가 휴강되며 #{일자}부터 정상적인 수업이 진행됩니다.
강의 시간표는 홈페이지에서 확인해주세요.",서비스이용,이용안내/공지,"휴무일,휴무,휴원,공휴일,진료,휴강일,휴강,학원,학교",IBWINGO3940_1656320607735,휴강 안내
"
안녕하세요 #{수신자명} 고객님,
수선이 완료되었습니다.

▶ 수선품목 : #{수선품목}
▶ 전화번호 : #{전화번호}
▶ 영업시간 : #{영업시간}

언제나 최고의 서비스를 제공하겠습니다.
항상 #{영업시간}을 이용해주셔서 감사합니다.",서비스이용,처리완료,"수선,수선완료,완료,서비스완료,세탁소,의류",IBWINGO3940_1656223887074,수선 완료 알림
"
#{수신자명}님의 [#{시험명}] 시험 접수가 완료되었습니다. 시험 일정 및 장소 안내드리니, 확인하시고 착오 없이 시험 보시기 바랍니다.

▶ 시험 : #{시험}
▶ 시험일 : #{시험일}
▶ 시험장소 : #{시험장소}

#{수신자명}님의 합격을 기원합니다.",서비스이용,신청접수,"시험,접수,신청,시험접수,시험신청,시험장,시험일,시험일정,시험안내",IBWINGO3940_1656224088442,시험 접수 완료 안내
"
안녕하세요. #{수신자명}님.
#{발신 스페이스}에서 퇴실 안내해 드립니다.

▶ 이용자명 : #{이용자명}
▶ 퇴실 예정일 : #{퇴실 예정일}

<퇴실 시 유의사항>
#{유의사항}

방문해주셔서 감사드리며, 좋은 시간 보내시기 바랍니다.

#{발신 스페이스}",서비스이용,이용안내/공지,"퇴실,만료,시간,사용완료",IBWINGO3940_1656224173114,퇴실 안내
"
안녕하세요. #{발신 스페이스}에 지원해 주셔서 감사합니다.
면접 일정 안내해 드리오니, 확인하시어 참석 부탁드립니다.

▶ 면접일 : #{면접일}
▶ 면접 시간 : #{면접 시간}
▶ 면접 장소 : #{면접 장소}

추가 문의사항은 고객센터로 문의 부탁드립니다.
감사합니다.",서비스이용,이용안내/공지,"면접,채용,면접안내,일정,일정안내",IBWINGO3940_1656224194665,면접 일정 안내
"
안녕하세요 #{수신자명}님,
A/S 신청 내역 안내해 드립니다.
본인이 신청하지 않은 경우 연락 부탁드립니다.

▶ 제품명 : #{제품명}
▶ AS 신청 제품 : #{AS 신청 제품}
▶ 고객센터 : #{고객센터}

A/S는 순차적으로 진행이 되며, 추가 문의가 있으신 경우 고객센터로 문의해주세요.",서비스이용,신청접수,"접수,AS,as,고장,신고,신청,고객센터,수리",IBWINGO3940_1656224228978,접수 완료 안내
"
안녕하세요 #{수신자명}님,
#{발신 스페이스} 이용에 감사드립니다.

사전 신청하신 신규 서비스가 출시되어 안내 드립니다.

▶ 서비스 : #{서비스}
▶ 출시일 : #{출시일}

자세한 내용은 홈페이지에서 확인해주세요.
감사합니다.",서비스이용,이용안내/공지,"서비스,신규,신규서비스,서비스안내,출시",IBWINGO3940_1656053408056,신규 서비스 출시 안내
"
안녕하세요 #{수신자명}님,
수업 일정 안내 드립니다.

▶ 수업명 : #{수업명}
▶ 수업일정 : #{수업일정}

수업 일정을 확인하시어 수업 시작전 미리 입장해 주세요.
감사합니다.",서비스이용,이용안내/공지,"일정,수업,강의,교육,일정안내",IBWINGO3940_1656053490726,일정 안내
"
안녕하세요 #{수신자명}님,
#{발신 스페이스} 교육 진행 안내 드립니다.

▶ 교육: #{교육}
▶ 내용: #{내용}

자세한 내용은 홈페이지에서 확인해주세요.
감사합니다.",서비스이용,이용안내/공지,"교육,교육안내,수업,강의,강연",IBWINGO3940_1656053537411,교육 안내
"
안녕하세요 #{수신자명}님,
고객님의 #{서비스}가 완료되었습니다.
방문하셔서 찾아가주시기 바랍니다.

항상 #{발신 스페이스}를 찾아주셔서 감사합니다.

▶ 찾아오시는 길: #{찾아오시는 길}",서비스이용,처리완료,"서비스,완료,처리완료,서비스완료,방문",IBWINGO3940_1656053806545,서비스 완료 알림
"
안녕하세요 #{발신 스페이스} 고객 서비스입니다. 
고객 님께서 요청하신 방문 예약이 다음과 같이 접수되어 안내 드립니다.

▶주소: #{주소}
▶접수내용: #{접수내용}

자세한 접수 내역을 보시려면 아래 버튼을 클릭해 주세요.",서비스이용,방문서비스,"방문,서비스,방문서비스,예약,방문안내,일정안내,서비스안내,서비스예약,예약완료,예약접수,예약",IBWINGO3940_1656053886788,방문 일정 안내
"
안녕하세요. #{수신자명}님,
수강신청이 접수되었습니다.

<수강 신청 내역>

▶ 수업과목 : #{수업과목}
▶ 수업일시 : #{수업일시}
▶ 수업기간 : #{수업기간}

수업 시작 날짜 전까지 결제하셔야 수강이 가능합니다.
감사합니다.",서비스이용,신청접수,"수업,수강,보강,강의,학원,학교,교육,보강안내,수강신청,신청",IBWINGO3940_1655974377659,수강 신청 접수 완료 안내
"
안녕하세요 #{수신자명} 고객님,
요청하신 수선이 완료되었습니다.
방문하여 의류를 회수해주세요.

▶ 고객명 : #{고객명}
▶ 수선품목 : #{수선품목}
▶ 영업시간 : #{영업시간}

항상 #{발신 스페이스}을 이용해주셔서 감사합니다.",서비스이용,처리완료,"수선,수선완료,완료,서비스완료,세탁소,의류",IBWINGO3940_1655974466946,수선 완료 안내
"
#{수신자명}님의 #{시험명} 시험 접수가 완료되었음을 알려드립니다.

▶ 시험 : #{시험명}
▶ 시험일 : #{시험일}
▶ 시험장소 : #{시험장소}

#{수신자명}님의 합격을 기원합니다.",서비스이용,신청접수,"시험,접수,신청,시험접수,시험신청,시험장,시험일,시험일정,시험안내",IBWINGO3940_1655975425837,시험 접수 완료 안내
"
#{수신자명}님의 #{시험명} 시험 결과가 발표되었습니다.
홈페이지에 방문하여 시험 결과 확인 부탁드립니다.

감사합니다.",서비스이용,처리완료,"시험,결과,시험결과,합격,불합격,시험일,시험결과",IBWINGO3940_1655975512508,시험 결과 안내
"
안녕하세요. #{수신자명}님,
#{수업명} 첫 수업이 예정되어 있습니다.
수업 일정을 확인해주세요.

▶ 수업명 : #{수업명}
▶ 수업 일정 : #{수업 일정}
▶ 수업 장소 : #{수업 장소}

수업 일정 변경이 필요한 경우, 문의 부탁드립니다.
감사합니다.",서비스이용,이용안내/공지,"수업,일정,수업일정,일정안내,강의,학원,학교,첫,첫수업",IBWINGO3940_1655975553181,수업 일정 안내
"
안녕하세요. #{수신자명}님.
퇴실 시간이 임박하여 안내드립니다.

▶ 지점 : #{지점}
▶ 아이디 : #{아이디}
▶ 퇴실 시간 : #{퇴실 시간}

이용해 주셔서 감사합니다.",서비스이용,이용안내/공지,"퇴실,만료,시간,사용완료",IBWINGO3940_1655977200788,퇴실 알림
"
안녕하세요 #{수신자명}고객님,
#{발신 스페이스} 이용 안내드립니다.

▶ 입실일 : #{입실일}
▶ 퇴실일 : #{퇴실일}
▶ 주의사항 :
#{주의사항}

주의사항 확인하시고 편안하게 이용해주세요.
감사합니다.",서비스이용,이용안내/공지,"이용,이용안내,객실,대여,룸,공간,공간대여",IBWINGO3940_1655977357229,이용 안내
"
안녕하세요 #{수신자명}님. #{발신 스페이스}입니다.
면접 장소 및 일정 안내드립니다.

▶ 일시 : #{일시}
▶ 장소 : #{장소}

면접 시간을 준수해 주시기 바라며, 좋은 인연으로 만날 수 있길 기대하겠습니다.
감사합니다.",서비스이용,이용안내/공지,"면접,채용,면접안내,일정,일정안내",IBWINGO3940_1655977474400,면접 일정 안내
"
안녕하세요 #{수신자명}님,
A/S 신청이 접수되었습니다.

▶ 제품명 : #{제품명}
▶ 연락처 : #{연락처}
▶ 주소 : #{주소}

방문 일정이 확정되면 재 안내 드리도록 하겠습니다.
A/S는 순차적으로 진행이 되며, 추가 문의가 있으신 경우 문의 부탁드립니다.",서비스이용,신청접수,"접수,AS,as,고장,신고,신청,고객센터,수리",IBWINGO3940_1655977512649,접수 완료 안내
"
안녕하세요. #{수신자명}님.
고객님의 상담 요청이 접수되었습니다.

▶ 접수일자 : #{접수일자}
▶ 상담사 : #{상담사}
▶ 상담일정 : #{상담일정}

상담사가 배정되었습니다.
감사합니다.",서비스이용,신청접수,"접수,신청,상담,문의,상담문의,상담접수,상담신청",IBWINGO3940_1655977584952,상담 신청 안내
"
안녕하세요. #{수신자명}님.
주문해주신 상품의 배송이 완료되었습니다. 제품 사용에 참고하실 수 있는 설명서를 안내 드립니다.

▶ 제품명 : #{제품명}

사용 중 문의사항이 있으신 경우 아래 홈페이지에 문의해주세요.
감사합니다.",서비스이용,이용도구,"제품,주문,상품,구입,설명서,사용방법,사용",IBWINGO3940_1655977686541,제품 사용 방법 안내
"
안녕하세요. #{수신자명}고객님.
오늘 구매하신 제품은 어떠셨나요?

아래 설문조사를 통해 고객님의 솔직한 의견을 말씀해주세요.

고객님의 소중한 의견을 통해 좀 더 나은 서비스를 제공하도록 하겠습니다.
감사합니다.",서비스이용,피드백 요청,"고객만족도조사,만족도조사,설문,설문조사,만족도,고객만족도",IBWINGO3940_1655977744550,만족도 조사 안내
"#{수신자명}님, 안녕하세요.
#{발신 스페이스}입니다.

구매하신 상품은 마음에 드셨나요?
#{발신 스페이스}에서 구매해 주셔서 감사합니다.

#{발신 스페이스}에서는 고객님의 소중한 후기를 기다리고 있습니다.
구매하신 상품에 대한 리뷰를 작성해주세요.

감사합니다.",서비스이용,피드백 요청,"리뷰,후기,만족도,설문,구매,상품후기,주문",IBWINGO3940_1655977794431,리뷰 작성 요청
"
안녕하세요. #{수신자명}고객님.

#{발신 스페이스} 접수를 감사드립니다.

언제나 따뜻한 관심과 사랑을 보내주시는 고객님께 깊이 감사드립니다.

궁금하신 점이 있으신 경우 고객센터 또는 홈페이지에 문의해주세요.

☎ 고객센터 : #{고객센터}",서비스이용,구매감사/이용확인,"접수,감사인사,감사,구매감사,이용감사",IBWINGO3940_1655977846222,접수 안내
"
안녕하세요 #{수신자명}님,
저희 제품을 믿고 구매해 주셔서 감사 드립니다.
항상 믿을 수 있는 제품으로 찾아뵐 수 있도록 노력하는 #{발신 스페이스}이 되겠습니다.

받아보신 제품에 이상이 있거나 문의 사항이 있을 경우 아래 버튼을 클릭하여 문의해 주세요.",서비스이용,구매감사/이용확인,"구매,구매감사,감사인사,감사,피드백",IBWINGO3940_1656052963305,구매 감사 인사
"
안녕하세요 #{수신자명}님, 
더 나은 서비스를 위해 #{발신 스페이스}에서 고객 만족도 조사를 진행하고자 합니다.
아래 버튼을 눌러주시면 만족도 조사 페이지로 이동되오니, 많은 관심과 참여 부탁드립니다.",서비스이용,피드백 요청,"고객만족도,만족도,만족도조사,설문,피드백",IBWINGO3940_1656052985637,고객 만족도 조사
"
안녕하세요 #{수신자명}님,
신청이 완료 되었습니다.

▶ 신청 정보 : #{신청 정보}
▶ 신청자 : #{신청자}

아래 버튼을 누르시면 자세한 사항을 확인하실 수 있습니다.",서비스이용,신청접수,"신청,신청안내,신청완료,서비스,신청접수",IBWINGO3940_1656053070112,신청 완료 안내
"[#{일정명} 일정 안내]

#{일정명} 오리엔테이션의 일정과 장소를 아래와 같이 공지해드립니다.

▶ 일정 : #{일정}
▶ 장소 : #{장소}

궁금한 사항이 있으시면 홈페이지로 문의해주시기 바랍니다.

감사합니다.",서비스이용,이용안내/공지,"일정,일정안내,공지,스케줄,리마인드",IBWINGO3940_1656053148200,일정 안내
"
안녕하세요 #{수신자명}님,
제품을 주문해주셔서 감사합니다.

#{수신자명}님께 보다 나은 서비스를 제공하기 위해 #{수신자명}님의 의견을 공유해 주시면 이를 반영하여 개선된 서비스를 제공할 수 있도록 노력하겠습니다.

소중한 의견 부탁드립니다.
감사합니다.",서비스이용,피드백 요청,"설문,피드백,만족도,설문조사,고객",IBWINGO3940_1656053359053,설문안내
"
안녕하세요 #{수신자명}님,
#{과정명} 개강 안내 드립니다.

▶ 과정명: #{과정명}
▶ 교육장소: #{교육장소}
▶ 교육일시: #{교육일시}

자세한 내용은 아래 홈페이지에서 확인해주세요.",서비스이용,이용안내/공지,"개강,학원,수업,개강안내,수강,학교,교육",IBWINGO3940_1655973975182,개강 안내
"
안녕하세요.
#{발신 스페이스}에서 휴무일 안내드립니다.

▶ 기간: #{기간}
▶ 예약안내: #{예약안내}",서비스이용,이용안내/공지,"휴무일,휴무,휴원,공휴일,진료,휴강일,휴강",IBWINGO3940_1655974002509,휴무일 안내
"
안녕하세요 #{수신자명}님,
#{발신 스페이스}에서 휴강일 안내드립니다.

▶ 휴강일: #{휴강일}

위 기간내 모든 강의가 휴강되며 #{일자}부터 정상적인 수업이 진행됩니다.
강의 시간표는 아래 ""시간표 확인하기""에서 확인해주세요.",서비스이용,이용안내/공지,"휴무일,휴무,휴원,공휴일,진료,휴강일,휴강,학원,학교",IBWINGO3940_1655974073836,휴강 안내
"[#{발신 스페이스}]
안녕하세요., #{수신자명}님
렌탈료 청구서가 발행되었습니다. 

▶ 세금계산서 발행 건: #{세금계산서발행} 건
▶ 총 납부예정 금액: #{납부금액} 원

감사합니다.
자세한 내용은 아래 ""청구서 확인하기"" 를 눌러주세요.",서비스이용,이용안내/공지,"렌탈,렌탈료,정액제,납부,청구,청구서,요금",IBWINGO3940_1655974114131,렌탈료 청구서 안내
"
안녕하세요 #{수신자명}님,
보강 수업이 확정 처리되었습니다.

▶ 수강자명 : #{수강자명}
▶ 보강수업 일자 : #{보강수업 일자}
▶ 보강수업 시간 : #{보강수업 시간}

감사합니다.

자세한 시간표는 아래 ""시간표 확인하기"" 를 클릭해주세요.",서비스이용,이용안내/공지,"수업,수강,보강,강의,학원,학교,교육,보강안내",IBWINGO3940_1655974202612,보강 수업 확정 안내
"
안녕하세요 #{수신자명}님, #{발신 스페이스}입니다.

#{수신자명} 고객님이 신청하신 #{서비스} 기간이 만료될 예정입니다.

자세한 내용은 아래 ""자세히보기"" 버튼을 클릭해주세요.

※ 이 메시지는 고객님의 동의에 의해 전송되는 메시지입니다.",서비스이용,리마인드,"만료,서비스,기간,만료안내",IBWINGO3940_1650508143218,만료 안내
"
안녕하세요 #{수신자명}님,
티켓 발급 안내드립니다.

▶ 사용기간 : #{사용기간}
▶ 티켓번호 : #{티켓번호}

※ 만료 기한 후 티켓 사용은 불가합니다.

※ 이 메시지는 구매하신 티켓 발급 안내 메시지입니다.",서비스이용,이용도구,"이용도구,티켓,발급안내,입장,출입안내",IBWINGO3940_1650507369484,티켓 안내
"
안녕하세요 #{수신자명}님, #{발신 스페이스}입니다.
고객님이 보유하신 포인트의 만료 기간 안내해 드립니다.

▶  포인트 만료일: #{포인트 만료일}
▶  소멸예정 포인트: #{소멸예정 포인트}

아래 버튼을 누르시면 자세한 내용을 확인하실 수 있습니다.

※ 이 메시지는 고객님의 동의에 의해 지급된 포인트 소멸 안내 메시지입니다.",서비스이용,이용안내/공지,"포인트,만료,만료일,포인트안내,포인트고지",IBWINGO3940_1650508115684,포인트 만료 안내
"
안녕하세요 #{수신자명}님,
구매에 감사드리며 #{서비스} 이용권이 지급되었습니다.

▶ 혜택 : #{혜택}
▶ 유효기간 : #{유효기간}

※ 이 메시지는 고객님의 구매에 의해 지급된 이용권 안내 메시지입니다.""",서비스이용,이용안내/공지,"이용,이용권,지급,혜택,이용안내",IBWINGO3940_1650507130666,이용권 안내
"
#{수신자명}님 주문접수가 완료 되었습니다.

<주문정보>
▶주문품목: #{주문품목}
▶주문번호: #{주문번호}

감사합니다.",서비스이용,신청접수,"신청,접수,주문접수,예약,주문,구매,예약,서비스,주문확인",IBWINGO3940_1642991185285,주문 접수 완료 안내
"
안녕하세요. #{발신 스페이스} 입니다.
#{수신자명}님의 서비스 예약 확정 안내 드립니다.

<예약내역>
▶주소: #{주소}
▶서비스 날짜/시간: #{서비스 날짜/시간}

문의사항은 아래 버튼을 클릭해 주세요.",서비스이용,신청접수,"서비스,서비스일정,예약,접수,신청,예약확정,예약안내,신청안내,서비스안내",IBWINGO3940_1642983222191,서비스 예약 확정
"
#{수신자명}님 주문접수가 완료 되었습니다.

<주문정보>
▶주문품목: #{주문품목}
▶주문번호: #{주문번호}

감사합니다.",서비스이용,신청접수,"신청,접수,견적,요청,접수안내,접수완료,요청완료",IBWINGO3940_1642983265911,주문 접수 완료 안내
"
원하시는 요청을 전달 완료했습니다.

▶요청하신 날짜/시간: #{요청하신 날짜/시간}
▶요청 내용: #{요청 내용}
▶성함: #{성함}

요청을 수락하면, 요청하신 일정으로 예약됩니다.
감사합니다.",서비스이용,신청접수,"레슨,수업,강의,학원,신청접수,예약,신청,접수확인,접수완료,신청완료",IBWINGO3940_1642983297510,신청 접수 안내
"
안녕하세요 #{수신자명} 고객님, 
문의가 접수되었습니다.

<신청 접수 내역>
▶접수자: #{접수자}
▶내용: #{내용}

다른 문의가 있으실 경우 아래 버튼을 클릭해 주세요.",서비스이용,신청접수,"문의,접수,피해,신청,문의하기",IBWINGO3940_1642983400613,문의 접수 완료 안내
"
#{수신자명} 고객님의 #{발신 스페이스} 해지 신청이 정상 접수되었습니다. 

▶해지 완료 예정일: #{해지 완료 예정일}

※ 해지 취소는 2일 이내 고객센터를 통해 가능합니다. 이후에는 해지가 진행되어 재계약을 원하시는 경우 신규 계약 신청이 필요하다는 점 유의하시기 바랍니다.",서비스이용,신청접수,"신청접수,신청,접수,해지,탈퇴,취소,서비스해지,해지신청완료",IBWINGO3940_1642983424365,해지 신청 안내
"
안녕하세요 #{수신자명}님,
#{발신 스페이스}입니다.

모바일로 아래 ""예약 접수하기"" 버튼을 클릭하여 간편하게 예약접수를 하실 수 있습니다. 금액은 #{금액}이며, 당일 수납해 주시면 됩니다.

감사합니다.",서비스이용,신청접수,"시험,입학,학원,학교,입시,신청,접수,서비스신청,접수안내,신청안내",IBWINGO3940_1643015297050,신청 안내
"
안녕하세요 #{수신자명}님,

저희 #{발신 스페이스}에 요청하신
#{서비스} 처리를 완료하였습니다.

지금 확인하시려면, 아래 버튼을 클릭해주세요.

감사합니다.",서비스이용,처리완료,"처리완료,서비스,서비스알림,완료알림,서비스안내,완료안내",IBWINGO3940_1642983544671,처리 완료 안내
"[제작 완료 안내}

안녕하세요 #{발신 스페이스}입니다.
#{서비스} 제작을 완료하였으니 확인해 주세요!

하단 ""확인하기"" 버튼을 누르시면 바로 확인이 가능하세요.

※ 상담 문의: #{상담문의}",서비스이용,처리완료,"제작완료,제작,상품,서비스,처리완료,서비스완료,결과,결과안내",IBWINGO3940_1642983575517,[제작 완료 안내}
"
#{수신자명}님 견적서 내역에서 주문하기 버튼을 클릭하시어 주문을 진행해 주시기 바랍니다.

▶견적번호: #{견적번호}
▶문의: #{문의}

감사합니다.",서비스이용,처리완료,"견적서,견적,처리완료,서비스,주문,구매,견적완료",IBWINGO3940_1642983609501,견적서 확정 알림
"
안녕하세요 #{발신 스페이스} 고객 서비스입니다. 
고객 님께서 요청하신 방문 예약이 다음과 같이 접수되어 안내 드립니다.

▶주소: #{주소}
▶접수내용: #{접수내용}

자세한 접수 내역을 보시려면 아래 버튼을 클릭해 주세요.",서비스이용,방문서비스,"방문,서비스,방문서비스,예약,방문안내,일정안내,서비스안내,서비스예약,예약완료,예약접수,예약",IBWINGO3940_1642983639178,방문 일정 안내
"
안녕하세요 #{발신 스페이스} 입니다.
내일 #{장소}에  #{매니저명} 매니저가 방문 드려 
정기 서비스 예정입니다.  

문의사항은 아래를 눌러주세요.",서비스이용,방문서비스,"정기,정기서비스,방문서비스,서비스,방문,예약,서비스일정,일정안내",IBWINGO3940_1642983681556,정기 방문 서비스 안내
"
안녕하세요 #{수신자명}님,
고객님이 신청하신 정기 렌탈 케어 서비스가 예정되어 있습니다.
일정을 확인해주세요.

▶ 방문 예정일 : #{방문 예정일}
▶ 제품 : #{제품}

일정을 변경하시려면 아래를 클릭해 주세요.",서비스이용,방문서비스,"정기,정기서비스,방문,방문서비스,렌탈,서비스일정,서비스안내,방문일정안내,방문일정",IBWINGO3940_1642983721421,정기 렌탈 케어
"
안녕하세요 #{발신 스페이스} 입니다. 출근 1시간 전입니다! 
사업장 도착 시, 해당 알림에 도착 또는 1 이라고 답장해주세요.

서비스일/시간 : #{서비스일시간}  
주소 : #{주소}",서비스이용,리마인드,"알림,업무,사업장,사내,사내업무,업무알림",IBWINGO3940_1642983758449,업무 안내
"
안녕하세요 #{이름] 고객님,
내일은 예매하신 공연 관람일입니다.

▶예매번호: #{예매번호}
▶공연일시: #{공연일시}
▶공연: #{공연}

감사합니다.",서비스이용,리마인드,"공연,예매,예약,공연안내,행사,예약안내,일정안내,일정,공연알림",IBWINGO3940_1642983787209,공연 안내
"
안녕하세요 #{수신자명}님,
정기 검진일 안내드립니다.

▶검진일: #{검진일}
▶오시는 길: #{오시는 길}

감사합니다.",서비스이용,리마인드,"병원,검진,정기검진,검진알림,내원,검진안내,정기검진안내,일정안내",IBWINGO3940_1643004048355,정기 검진 안내
"
#{수신자명}님께서 신청하신 #{발신 스페이스}의 #{서비스명} 서비스 이용 확인 알림톡입니다.

지금까지 #{발신 스페이스}을 이용해 주셔서 감사드립니다.
앞으로 더 좋은 서비스로 찾아뵙겠습니다!",서비스이용,리마인드,"서비스,이용확인,피드백,서비스안내,이용안내,이용감사,감사인사",IBWINGO3940_1642983861019,서비스 이용 확인 안내
"
#{수신자명}님 #{진료예정시간}에 뵙겠습니다.

#{수신자명}님의 진료는 #{발신 스페이스} 기준 30분 이내 진료가 시작됩니다.  

#{발신 스페이스}은 #{수신자명}님의 소중한 시간을 지켜드리기 위해 최선을 다해 진료하겠습니다. 

▶#{발신 스페이스}에서는 코로나 바이러스를 대비하여 예방에 최선을 다하고 있습니다.",서비스이용,리마인드,"예약,리마인드,예약알림,예약안내,병원,진료안내,진료알림,내원,내원안내",IBWINGO3940_1642983887235,진료 예약 알림
"
안녕하세요 #{수신자명}님,
수술 예약 안내드립니다.

▶수술 날짜: #{수술 날짜}
▶수술: #{수술}

수술 전 전달해드린 주의사항을 꼭 준수하시고 예약일에 뵙겠습니다.
혹 방문전 궁금하신 사항은 언제든 연락바랍니다.

성공적인 수술을 위해 만반의 준비를 하고 있으니 너무 걱정마시고 예약일에 뵙겠습니다. 감사합니다.",서비스이용,리마인드,"병원,예약,수술,예약알림,일정,내원,수술일정,수술안내,예약안내",IBWINGO3940_1642983916818,수술 예약 안내
"
안녕하세요 #{수신자명}님,
경험해보신 샘플은 어떠셨나요?
어제 신청하신 샘플 안내드립니다.

▶샘플이름: #{샘플이름}
▶수령가능기간: #{수령가능기간}

감사합니다.",서비스이용,리마인드,"후기,리뷰,샘플,서비스,리마인드,사용후기,샘플안내",IBWINGO3940_1642983976636,신청 샘플 안내
"
안녕하세요 #{수신자명}님,
고객님께서 요청하신 서류가 준비되었습니다.

▶서류: #{서류}
▶수령가능시간: #{수령가능시간}
▶문의전화: #{문의전화}

감사합니다.",서비스이용,리마인드,"서류,수령,알림,준비완료,처리완료,수령알림,고객서류",IBWINGO3940_1642984022984,서류 준비 완료
"
안녕하세요 #{수신자명}님,
오늘 받으신 서비스는 어떠셨나요?
고객님의 소중한 의견을 바탕으로 보다 더 나은 서비스를 제공하겠습니다.
오늘도 좋은 하루 보내세요~ 감사합니다.

문의사항은 아래 버튼을 클릭해 주세요.",서비스이용,구매감사/이용확인,"서비스,서비스완료,이용감사,이용확인,피드백,이용후기,후기,리뷰,완료알림,서비스안내",IBWINGO3940_1642986175285,서비스 완료 안내
"
안녕하세요 #{수신자명}님,
#{발신 스페이스} 입니다.

제품 잘 받아보셨나요? 혹시라도 제품이 도착하지 않았다면 저희쪽으로 연락 주시면 조치를 취하겠습니다.

제품을 받으셨을때 선물을 받아보시는 느낌을 드리려고 나름 애를 썼답니다.
#{수신자명}님께 그 마음이 전달 되었을지 모르겠네요.
매일 하나하나 포장을 하면서 저희가 버틸 수 있는 힘은 바로 #{수신자명}님의 소중한 리뷰입니다.

다시 한번 구매해주셔서 감사드리고 오늘도 행복하고 따뜻한 하루 되세요^^",서비스이용,구매감사/이용확인,"구매,구매감사,이용확인,리뷰,후기,사용후기,이용후기,구매후기,상품리뷰",IBWINGO3940_1642986816404,구매 감사 인사
"
안녕하세요 #{수신자명}님,
#{발신 스페이스} 구입해주셔서 감사합니다.

<상품정보>
▶상품명: #{상품명}
▶사용기간: #{사용기간}

앞으로도 많은 이용 부탁드립니다.
감사합니다.",서비스이용,구매감사/이용확인,"구매,구매감사,구매내역,주문내역,상품안내,구입,주문,주문완료,구매완료",IBWINGO3940_1642986851508,구매알림
"
안녕하세요 #{수신자명}님,
현재 대기인원은 #{상담 대기인원}명 입니다

▶접수번호: #{접수번호}
▶상담 대기인원: #{상담 대기인원}명

근처에서 대기해 주시기바랍니다.

순서 호출시 자리에 없을 경우 예약이 취소될 수 있습니다.",서비스이용,리마인드,"대기,순서,상담,서비스,순서알림,서비스안내,순번,순번알림",IBWINGO3940_1642986886418,대기 순서 안내
"
안녕하세요 #{수신자명}님,
결제하신 티켓의 배차 안내입니다.

▶시간: #{시간}
▶출발지>도착지: #{출발지>도착지}

배차현황을 보시려면 아래 ""배차현황"" 버튼을 클릭해주세요.",서비스이용,리마인드,"배차안내,배차,버스,기차,비행기,항공권",IBWINGO3940_1642986954570,배차 안내
"
안녕하세요 #{수신자명}님.
고객님이 등록하신 모바일 탑승권 안내 드립니다.

▶시간: #{시간}
▶탑승권 번호: #{탑승권 번호}

시간이 지난 탑승권은 만료됩니다.
자세한 내용은 아래 버튼을 클릭해 주세요.",서비스이용,이용도구,"탑승권,모바일,버스,기차,비행기,항공권,티켓",IBWINGO3940_1642986992602,모바일 탑승권 안내
"
안녕하세요 #{수신자명}님.
반납시간 #{잔여시간} 전 입니다.

▶반납물품: #{반납물품}
▶시간: #{시간}

시간 내에 반납 부탁드립니다.
감사합니다.",서비스이용,리마인드,"반납,도서,리마인드,서비스,회수,반납알림",IBWINGO3940_1642987019778,반납 알림
"
안녕하세요 #{수신자명} 고객님,
고객 서비스 개선 및 만족도 향상을 위하여 고객님의 소중한 의견을 듣고자 합니다.
아래 ""만족도조사"" 버튼을 클릭하여 간단한 설문 조사에 참여해 주시면 감사하겠습니다.

본 문자는 고객님께서 문자를 통한 설문조사에 동의해주셔서 발송되었습니다.
본 설문조사는 광고, 홍보나 판매 기타 판촉을 위한 것이 아니며 그러한 목적으로 사용되지 않습니다.

감사합니다.",서비스이용,피드백 요청,"만족도,설문,고객만족도,사용만족도,리뷰,후기,리마인드,설문조사",IBWINGO3940_1642987053738,사용 만족도 조사
"
안녕하세요 #{수신자명}님,
고객님께서 문의하신 매장 이전 안내드립니다.
보다 나은 서비스 제공을 위하여 매장을 이전하였습니다.

▶ 이전 기간 : #{이전 기간}
▶ 새로운 주소 : #{새로운 주소}

※ 중단 기간 및 내용은 상황에 따라 변경될 수 있습니다.

저희 #{발신 스페이스}을 이용해주시는 고객님들께 감사드리며, 더욱 노력하는 #{발신 스페이스}이 되겠습니다.",서비스이용,이용안내/공지,"매장,이전,이동,매장이전,이용안내",IBWINGO202_1638939048059,매장 이전 안내
"
안녕하세요 #{수신자명}님,
코로나 감염 위험 상황에서 보다 안전한 운영을 위하여 입장인원을 제한하고 있으며,
코로나 상황이 종료될 때 까지 지속될 예정입니다. 
자세한 사항은 
#{발신 스페이스} 에 문의하여 주시기 바랍니다.

감사합니다.",서비스이용,이용안내/공지,"운영안내,운영,안내,이용안내,공지",IBWINGO202_1638782874338,운영 안내
"
안녕하세요 #{수신자명}님,
사전 신청하신 신규 서비스가 출시되어 안내 드립니다.
아래 버튼을 누르시면 자세한 내용을 확인하실 수 있습니다.",서비스이용,이용안내/공지,"서비스,신규,신규서비스,서비스안내,출시",IBWINGO202_1639036421338,신규 서비스 출시 안내
"
안녕하세요 #{수신자명}님,
고객님 #{서비스} 참가 일정을 안내해 드립니다.

■ 참가일 : #{참가일}
■ 시간 : #{시간}
■ 참가 시 주의사항 :
1. 참가자의 부득이한 사정으로 인해 참가가 불가능한 경우 취소할 수 있습니다.
2. 참가취소에 따른 환불은 행사 규정에 준하여 접수 기간에만 가능합니다.",서비스이용,이용안내/공지,"참가안내,참가,일정,일정안내,이용안내",IBWINGO202_1638782952388,참가 일정 안내
"
안녕하세요 #{수신자명}님,
요청하신 모바일로 예약하실 수 있는 링크주소를 보내드립니다.

예약 접수 비용은 #{접수비용}원이며, 
방문 당일 수납해 주시면 됩니다.

감사합니다.",서비스이용,이용안내/공지,"신청,예약,모바일,신청안내,이용안내",IBWINGO202_1638782990106,모바일 예약 안내
"
안녕하세요 #{수신자명}님,
신청이 완료 되었습니다.

▶ 신청 정보 : #{신청 정보}

아래 버튼을 누르시면 자세한 사항을 확인하실 수 있습니다.",서비스이용,신청접수,"신청,신청안내,신청완료,서비스,신청접수",IBWINGO202_1638783028167,신청 완료 안내
"
안녕하세요 #{수신자명}님,
상담 가능한 시간을 안내해드립니다.

▶ 상담 가능 시간: #{상담 가능 시간}
▶ 전화문의: #{전화문의}

아래 버튼을 누르시면 자세한 사항을 확인하실 수 있습니다.",서비스이용,이용안내/공지,"상담,문의,상담시간,상담안내,이용안내",IBWINGO202_1638842532132,상담 문의 안내
"
안녕하세요 #{수신자명}님, 
상담 일정 변경 안내드립니다.

▶ 기존일정: #{기존일정}
▶ 변경: #{변경}

일정에 착오 없으시길 바랍니다.",서비스이용,이용안내/공지,"상담,변경,일정,일정변경,이용안내",IBWINGO202_1638842571196,상담 시간 변경 안내
"
안녕하세요 #{수신자명}님,
#{발신 스페이스}에서 고객님께서 요청하신 [#{상품명}]를(을) 신규 발간을 하였습니다. 
많은 관심 부탁드립니다. 
감사합니다.

아래 버튼을 누르시면 [#{상품명}]에 대한 
자세한 내용을 확인하실 수 있습니다.

* 해당 신규 발간 알림 메시지는 고객님의 알림 신청에 의해 발송됩니다.",서비스이용,이용안내/공지,"신규,발간,발간안내,발행,출간",IBWINGO202_1639036383895,신규 발간 안내
"[#{일정명} 일정 안내]

#{일정명} 오리엔테이션의 일정과 장소를 아래와 같이 공지해드립니다.

▶ 일정 : #{일정}
▶ 장소 : #{장소}

궁금한 사항이 있으시면, #{전화번호}로 문의해주시기 바랍니다.
여유가 되시는 학부모님들께서는 많은 참석을 부탁드립니다.

감사합니다.",서비스이용,이용안내/공지,"일정,일정안내,공지,스케줄,리마인드",IBWINGO202_1638842647237,일정 안내
"
안녕하세요 #{수신자명}님,
#{발신 스페이스} 교육 진행 안내 드립니다.

▶  교육: #{교육}
▶  내용: #{내용}

아래 버튼을 누르시면 자세한 내용을 확인하실 수 있습니다.",서비스이용,이용안내/공지,"교육,교육안내,수업,강의,강연",IBWINGO202_1638842688023,교육 안내
"
안녕하세요 #{수신자명}님,
#{수업명} 수업이 예정되어 있습니다.
수업 일정을 확인하시어 수업 시작전 미리 입장해 주세요.",서비스이용,이용안내/공지,"일정,수업,강의,교육,일정안내",IBWINGO202_1638842724206,일정 안내
"
안녕하세요 #{수신자명}님, 
더 나은 서비스를 위해 #{발신 스페이스}에서 고객 만족도 조사를 진행하고자 합니다.
아래 버튼을 눌러주시면 만족도 조사 페이지로 이동되오니, 많은 관심과 참여 부탁드립니다.",서비스이용,피드백 요청,"고객만족도,만족도,만족도조사,설문,피드백",IBWINGO202_1638842756370,고객만족도조사
"
안녕하세요 #{수신자명}님,
#{발신 스페이스}에서 설문조사를 시행하고 있습니다.
아래 버튼을 누르시면 설문조사 페이지로 이동되오니, 많은 관심과 참여 부탁드립니다.",서비스이용,피드백 요청,"설문,피드백,만족도,설문조사,고객",IBWINGO202_1638842803249,설문안내
"
안녕하세요 #{수신자명}님,
고객님의 #{서비스}가 완료되었습니다.
방문하셔서 찾아가주시기 바랍니다.

항상 #{발신 스페이스}를 찾아주셔서 감사합니다.

▶ 찾아오시는 길: #{찾아오시는 길}",서비스이용,처리완료,"서비스,완료,처리완료,서비스완료,방문",IBWINGO202_1638842844589,서비스 완료 알림
"
▶ 영업시간: #{영업시간}
▶ 전화문의: #{전화문의}

아래 버튼을 누르시면 자세한 내용을 확인하실 수 있습니다.",서비스이용,이용안내/공지,"시간,스케줄,영업시간,공지,이용안내",IBWINGO202_1638842883167,영업시간 안내
"
안녕하세요 #{수신자명}님, 
#{발신 스페이스}에서 휴무일 안내드립니다.

▶  휴무기간: #{휴무기간}",서비스이용,이용안내/공지,"휴무일,휴일,공지,휴무일안내,휴일안내",IBWINGO202_1638842917267,휴무 안내
"
안녕하세요 #{수신자명}님,
#{학교명} 입학시험 결과가 홈페이지에 발표되었습니다.
하단 ""결과보기""를 통해 확인하실 수 있습니다.

결과관련 전화상담은 금일중 순차적으로 진행됨을 알려드립니다.

감사합니다.",서비스이용,이용안내/공지,"결과,결과안내,입학,시험,입시",IBWINGO202_1638842949347,입학시험 결과 발표
"
안녕하세요 #{수신자명}님,
#{발신 스페이스}에서 요청하신의 서비스 개편을 안내드립니다.
내용은 다음과 같습니다.
#{개편사항}

감사합니다.",서비스이용,이용안내/공지,"서비스,개편,공지,변경,서비스안내",IBWINGO202_1638842983074,서비스 개편 안내
"
안녕하세요 #{수신자명}님,
고객님께서 구매하신 #{상품}의 라이선스가 #{만료일자}에 만료 예정입니다.
아래 버튼을 누르시면 라이선스 갱신에 대한 내용을
상세하게 확인하실 수 있습니다.",서비스이용,이용안내/공지,"라이선스,갱신,만료,만기,종료",IBWINGO202_1638843015572,라이선스 갱신 안내
"
안녕하세요 #{수신자명}님,
고객님의 #{서비스}접수가 정상적으로 처리되었습니다.
아래 버튼을 누르시면 접수 내역을 자세히 확인하실 수 있습니다.

감사합니다.",서비스이용,신청접수,"제품,접수,신청접수,신청안내,요청",IBWINGO202_1638843054202,서비스 접수 완료 안내
"
안녕하세요 #{수신자명}님,
고객님이 요청하신 #{서비스} 작업이 완료되었습니다.

방문 부탁 드립니다.
감사합니다.",서비스이용,처리완료,"작업,완료안내,처리완료,요청,서비스",IBWINGO202_1638843081144,작업 완료 안내
"[#{발신 스페이스} Grand Open]

안녕하세요 #{수신자명}님,
신청하신 신규 오픈 이벤트에 당첨 되었습니다.
오픈기념 할인행사 진행하오니 많은 관심 부탁드립니다.
#{발신 스페이스} #{지점명}점으로 아래의 연락처로 문의주세요.

▶ 매장 위치 : #{매장 위치}",서비스이용,이용안내/공지,"매장,신규,오픈,행사,할인",IBWINGO202_1639036563430,Grand Open 안내
"
안녕하세요 #{수신자명}님,
기다리시던 #{서비스} 잘 받으셨나요?
#{서비스} 이용 후기를 남겨주시면 #{상품명}을 선물로 드립니다!

아래 링크를 클릭해 지금 후기를 작성해 보세요~",서비스이용,구매감사/이용확인,"리뷰,후기,이벤트,이용후기,피드백",IBWINGO202_1638843228107,이용 후기 이벤트
"
안녕하세요 #{수신자명}님, 
새 문의가 성공적으로 등록되었습니다.

▶ 문의서 제목 : #{문의서 제목}",서비스이용,신청접수,"문의,등록,문의접수,문의등록,문의안내",IBWINGO202_1638843274586,문의 접수 안내
"
안녕하세요 #{수신자명}님,
상담문의에 답변이 등록되었습니다.

답변을 확인하시려면 아래 버튼을 클릭해주세요.",서비스이용,처리완료,"문의,완료,처리완료,문의안내,완료안내",IBWINGO202_1638843315457,문의 답변 완료 안내
"[#{발신 스페이스} 상담톡 안내]

안녕하세요 #{수신자명}님,
회원이 되신 것을 축하드립니다.
#{발신 스페이스} 고객님들을 위해 다양한 정보를 안심하고 보실 수 있도록 카카오톡 알림톡 서비스를 오픈하였습니다.
#{발신 스페이스}의 유익한 소식들 전해 드릴게요.

앞으로도 많은 사랑 부탁드립니다!",서비스이용,이용안내/공지,"상담톡,카카오톡,챗봇,이용안내,상담안내",IBWINGO202_1638938464256,상담톡 안내
"
안녕하세요 #{수신자명}님,
문의하신 재난지원금 사용 안내드립니다.
저희 #{발신 스페이스}는 재난지원금 사용이 가능합니다.",서비스이용,이용안내/공지,"재난,지원금,재난지원금,사용안내,이용안내",IBWINGO202_1638938307991,재난지원금 사용안내
"
▶ QR코드 : #{QR코드}
▶ 유효기간 : #{유효기간}

※ #{발신 스페이스}에 입장하시려면 QR코드를 스캐너에 인식해주세요.
※ 입장권은 유효기간 내에 사용하여 주시기 바랍니다.",서비스이용,이용도구,"입장,QR코드,비밀번호,인증,출입",IBWINGO202_1638843465779,입장 안내
"
안녕하세요 #{수신자명}님,
고객님께서 요청하신 방문서비스 일정 안내 드립니다.

▶ 방문예정 : #{방문예정}
▶ 접수내용 : #{접수내용}

상세 접수 내역을 확인하시려면 아래 버튼을 클릭해주세요.",서비스이용,방문서비스,"방문,일정안내,방문서비스,서비스안내,리마인드",IBWINGO202_1638843549639,방문일정안내
"
안녕하세요 #{수신자명}님,
항상 #{발신 스페이스}의 #{서비스}를 이용해주셔서 감사합니다.

이용에 불편함이 없도록 항상 최선을 다하겠습니다. 감사합니다.",서비스이용,구매감사/이용확인,"감사인사,감사,이용감사,구매감사,피드백",IBWINGO202_1638843590126,이용 감사 인사
"
안녕하세요 #{수신자명}님,
저희 제품을 믿고 구매해 주셔서 감사 드립니다.
항상 믿을 수 있는 제품으로 찾아뵐 수 있도록 노력하는 #{발신 스페이스}이 되겠습니다.

받아보신 제품에 이상이 있거나 문의 사항이 있을 경우 아래 버튼을 클릭하여 문의해 주세요.",서비스이용,구매감사/이용확인,"구매,구매감사,감사인사,감사,피드백",IBWINGO202_1638843978935,구매 감사 인사
"
안녕하세요 #{수신자명}님,
고객님께서 신청하신 #{서비스} 이용 확인 안내입니다.
아직 이용해보시지 않았다면 아래의 버튼을 클릭하여 이용해 보세요!",서비스이용,구매감사/이용확인,"피드백,이용확인,서비스",IBWINGO202_1638844051157,이용 확인 안내
"안녕하십니까?

#{발신 스페이스}의 #{수신자명}님께서 신청하신 #{서비스} 서비스 이용 확인 알림톡입니다.

지금까지 #{발신 스페이스}을 이용해 주셔서 감사드립니다.
앞으로 더 좋은 서비스로 찾아뵙겠습니다!",서비스이용,리마인드,"피드백,이용확인,서비스",IBWINGO202_1638938178096,안녕하십니까?
"
안녕하세요 #{수신자명}님,
#{발신 스페이스}의 이용약관이 #{일자}부터 아래와 같이 변경됨을 알려드립니다.

▶ 개정 전
#{이전약관}

▶ 개정 후
#{변경약관}

※ 본 메시지는 이용약관에 동의한 회원에게 전송되는 메시지입니다.",법적고지,약관변경,"이용약관,약관,개인정보,약관변경,이용약관변경,약관변경동의",IBWINGO3940_1656221364576,약관변경 안내
"#{발신 스페이스}을 이용해 주시는 고객님께 진심으로 감사드립니다.
본 메시지는 [정보통신망법 제50조 8항]에 따라 광고성 정보 수신 동의 여부 확인을 위하여 발송하였습니다.

- 수신동의 일자 : #{수신동의일자}

수신동의를 철회하고자 하는 하는 경우 홈페이제 회원정보에서 미동의로 직접 변동하시거나, 당사 고객센터로 문의하여 주시기 바랍니다.

#{발신 스페이스}은 고객님의 소중한 개인정보를 안전하게 관리하기 위하여 최선을 다하겠습니다.
감사합니다.",법적고지,수신동의,"광고수신동의,수신동의,고지,수신동의안내,정기",IBWINGO3940_1656221448865,정보통신망법 제50조 8항
"
안녕하세요 #{수신자명}님, 회원님의 [#{휴면예정ID}] 계정이 곧 휴면계정으로 전환될 예정입니다.

개인정보 유효기간제 시행으로 #{유효기간} 이내에 #{발신 스페이스}에 로그인하지 않으시면 휴면계정으로 전환되어 더 이상 다양한 혜택을 받아 보실 수 없게 됩니다.

- 휴면 예정 ID : #{휴면예정ID}",법적고지,휴면관련,"휴면,휴면회원,휴면전환,개인정보,휴면전환안내",IBWINGO3940_1656221402816,휴면회원 전환 예정 안내
"
안녕하세요 #{수신자명}고객님.
#{발신 스페이스}입니다.

개인정보보호법 제39조의8항(개인정보 이용내역의 통지)에 따라 연 1회 회원님의 개인정보 이용내역을 안내해 드리고 있습니다.
아래 개인정보 이용내역 상세보기를 누르셔서 자세한 내용을 확인해 주시기 바랍니다.",법적고지,개인정보,"개인정보,동의,정보제공,개인정보안내,개인정보알림",IBWINGO3940_1656221485762,개인정보 수집이용 동의 완료 안내
"
안녕하세요. #{발신 스페이스} 입니다.

소중한 개인정보보호를 위해 회원님의 계정 중 장기간 미이용 상태의 계정을 삭제 처리할 예정입니다.
▶ 계정 삭제 예정일 : #{계정 삭제 예정일}

#{발신 스페이스}서비스의 지속적인 이용을 원하신다면 삭제일 이전에 #{발신 스페이스}에 로그인 부탁드립니다. 

문의사항은 홈페이지를 통해 접수해 주시면 친절히 안내해 드리겠습니다. 감사합니다.",법적고지,휴면관련,"법적고지,휴면,휴면회원,계정삭제,회원정보,고지,로그인,인증,회원안내,계정안내",IBWINGO3940_1656221523120,계정 삭제 예정 안내
"
안녕하세요 #{수신자명} 고객님,
#{발신 스페이스}입니다.

언제나 #{발신 스페이스}를 이용해 주셔서 감사합니다.

고객님께서는 마케팅 정보 수신에 동의하셨습니다.
#{발신 스페이스}는/은 회원님께서 동의하신 수신 채널을 통하여 유익한 소식 및 다양한 혜택을 안내해 드리고 있습니다.

마케팅 정보 수신을 원치 않으시면 #{발신 스페이스} 홈페이지에서 마케팅 수신 동의 여부를 변경하실 수 있습니다.

앞으로도 유익한 소식과 다양한 혜택으로 찾아뵙겠습니다.

감사합니다.",법적고지,수신동의,"마케팅수신동의,수신동의,마케팅,개인정보,법적고지",IBWINGO3940_1642748121631,마케팅 수신 동의 안내
"
안녕하세요. #{발신 스페이스}을/를 이용해 주셔서 감사합니다.
본 메시지는 개인정보보호법에 따라 광고성 정보 수신 여부를 확인하기 위해 발송되었습니다.

▶수신거부 일자 : #{수신거부 일자}
▶수신거부 항목 : 이벤트/혜택 정보(마케팅) 수신거부",법적고지,수신동의,"마케팅,수신동의,수신거부,개인정보,법적고지",IBWINGO3940_1642748624420,이벤트/혜택 정보 수신 거부 안내
"
안녕하세요, #{발신 스페이스}입니다.

개인정보보호법에 따라 제공하신 개인 정보 이용내역을 안내드립니다. (연 1회 안내)

1. 개인 정보의 수집, 이용 목적 및 수집한 개인 정보의 항목
▶개인 정보 수집 항목 : #{개인 정보 수집 항목}
▶개인 정보 이용 목적
#{이용 목적}

2. 개인 정보를 제공받는 자와 그 제공 목적 및 제공한 개인 정보의 항목
▶개인 정보 제공하는 곳 없음.

#{수신자명} 회원님의 개인 정보 이용내역과 현황은 홈페이지 > 개인 정보처리 방침에서 확인하실 수 있습니다.",법적고지,개인정보,"개인정보,법적고지,개인정보안내,이용내역,수신동의",IBWINGO3940_1643015154812,개인 정보 이용내역 안내
"
안녕하세요 #{발신 스페이스}입니다.

개인정보보호법 #{조항명}에 따라 제공하신 개인 정보 이용내역을 안내해 드리고 있습니다.

아래 개인 정보 이용내역 상세보기를 누르셔서 자세한 내용을 확인해 주시기 바랍니다.",법적고지,개인정보,"개인정보,법적고지,개인정보안내,이용내역,수신동의",IBWINGO3940_1643015250422,개인 정보 이용내역 안내
"
안녕하세요 #{수신자명} 고객님,
#{발신 스페이스} 입니다.
회원님의 마지막 로그인이
#{비로그인 기간}을 경과하여 휴면 회원으로 전환됩니다.

※ 로그인 후 본인확인을 거치면 활동 회원으로 전환됩니다.",법적고지,휴면관련,"법적고지,휴면회원,휴면,휴면전환,회원정보,계정,로그인,인증,휴면안내",IBWINGO3940_1642748737756,휴면 전환 알림
"
안녕하세요 #{수신자명} 고객님,
#{발신 스페이스} 입니다.

일정 기간 접속하지 않아 개인 정보 보호를 위해 고객님의 계정이 삭제될 예정입니다.
※ 현재 사용 중이신데 안내를 받으신 분들은 동일한 연락처로 여러 개의 아이디를 보유하신 경우로 최근 사용 중인 아이디는 삭제되지 않습니다.

▶최근 접속 일자 : #{최근 접속 일자}
▶계정 삭제 예정 : #{계정 삭제 예정}

삭제 시 해당 아이디를 사용하실 수 없게 되오니 원치 않으실 경우 삭제일 이전에 #{발신 스페이스} 홈페이지에 로그인 부탁드립니다.
감사합니다.",법적고지,휴면관련,"법적고지,휴면,휴면회원,계정삭제,회원정보,고지,로그인,인증,회원안내,계정안내",IBWINGO3940_1642748768441,계정 삭제 예정 안내
"
안녕하세요 #{수신자명}님,
#{발신 스페이스} 입니다.
고객님의 계정이 휴면 계정으로 전환되었습니다.
아래 홈페이지로 접속하여 계정 잠금 해제 요청 후 이용하기 시 바랍니다.

▶아이디 : #{아이디}

감사합니다.",법적고지,휴면관련,"법적고지,휴면회원,휴면,휴면전환,회원정보,인증,로그인,휴면안내",IBWINGO3940_1642750476379,휴면계정 전환 안내
"
안녕하세요 #{수신자명}님,
#{발신 스페이스}의 이용약관이 #{변경일자}부터 아래와 같이 변경됨을 알려드립니다.


▶ 개정 전
3. 개인정보 보유기간 B.고객개인정보 : 회원 탈퇴 요청시까지 

▶ 개정 후
3. 개인정보 보유기간 B.고객개인정보 : 최종구매일로 부터 5년 동안 구매가 없는 경우 정보 삭제(매년 2월, 8월)

(삭제항목 : 성명, 전화번호, 핸드폰번호, 생년월일, 배우자생일, 결혼기념일, 포인트)

감사합니다.",법적고지,약관변경,"이용약관,약관,개인정보,약관변경,이용약관변경",IBWINGO202_1638771945996,약관변경 안내
"
안녕하세요 #{수신자명}님,
회원님의 개인정보 보호를 위해 1년 이상 로그인하지 않은 계정은 정보통신망 이용 촉진 및 정보보호 등에 관한 법률에 따라 휴면회원으로 전환될 예정입니다.

▶ 휴면회원 처리 예정인 계정:
#{휴면회원 처리 예정인 계정}

▶ 휴면 전환 예정일:
#{휴면 전환 예정일}

▶ 분리 및 저장되는 개인정보 항목:
 이메일, 휴대폰 번호 및 리멤버서비스 이용 중 수집된 개인정보

휴면 계정으로 전환을 원하지 않으실 경우, #{일자}까지 홈페이지 또는 앱에 접속 및 로그인하시면 계속 이용이 가능합니다.

감사합니다.",법적고지,휴면관련,"휴면,휴면회원,휴면전환,개인정보,휴면전환안내",IBWINGO202_1638770038886,휴면회원 전환 예정 안내
"
안녕하세요 #{수신자명}님,
이 메시지는 정보통신망법에 따라 2년 마다 발송되는 광고성 정보 수신동의를 확인하는 메시지 입니다.

▶ 이전 수신동의일자: #{이전 수신동의일자}

앞으로도 유익한 소식과 다양한 혜택으로 찾아 뵙겠습니다.

메시지 수신을 원치 않으시면 [마이페이지] > [개인정보 수정] > [마케팅 수신 동의] #{서비스} 에서 혜택 정보 받기 체크를 수신동의를 해제하시면 됩니다.

*수신동의 철회시 #{발신 스페이스}에서 제공하는 서비스 및 혜택 안내를 받아 보실 수 없습니다.",법적고지,수신동의,"광고수신동의,수신동의,고지,수신동의안내,정기",IBWINGO202_1638770087395,광고 수신 동의
"
안녕하세요 #{수신자명}님,
#{일자} 부로 #{발신 스페이스} 정보 수신 거부 처리되었습니다.
감사합니다.",법적고지,수신동의,"정보수신동의,수신동의,철회,수신동의거부,거부",IBWINGO202_1638770119490,개인정보 수신 철회 안내
"
안녕하세요 #{수신자명} 고객님,
개인정보제공동의 내역을 안내드립니다.

▶동의일자 : #{동의일자}
▶내역 : #{내역}",법적고지,개인정보,"개인정보,동의,정보제공,개인정보안내,개인정보알림",IBWINGO202_1638770162840,개인정보동의알림
"
안녕하세요. #{수신자명}님,
#{수신자명}님의 제품이 발송되었습니다.

▶택배사: #{택배사}
▶송장번호: #{송장번호}
▶제품명: #{제품명}

단순히 제품을 판매하는 것에서 그치는 것이 아니라, 제품을 모두 다 사용하실 때까지 만족하실 수 있도록 더욱 노력하겠습니다.
사용하시면서 궁금하신 점이나 불편하신 점 있으시면 문의해주세요.

오늘도 건강하고 행복한 하루 되세요.
감사합니다.",배송,배송상태,"베송,발송,구매,주문,배송예정,제품발송,발송안내,발송완료",IBWINGO3940_1656053513850,제품 발송 안내
"
주문하신 #{제품명} 제품이 #{발신 스페이스}에서 발송되어 배송중입니다.

해외 배송중에는 송장조회 시, 발송 전으로 노출되지만 세관 통과 후 국내 택배로 인계되면 배송조회가 가능합니다.

▶ 수령 예상일 : #{수령 예상일}

감사합니다.",배송,배송상태,"배송,해외,해외배송,구매,주문,출고,배송안내,출고완료,구매확인,배송확인",IBWINGO3940_1656223436212,배송 안내
"
안녕하세요. #{수신자명}님, 주문하신 택배 배송 정보 전달드립니다.

▶배송업체: #{배송업체}
▶주문번호: #{주문번호}
▶운송장번호: #{운송장번호}

아래 버튼을 클릭하시면 더 자세한 정보를 보실 수 있습니다.",배송,배송상태,"배송,배송안내,배송예정,구매,주문,배송정보,구매정보,주문정보,주문내역",IBWINGO3940_1656053861355,배송 정보 안내
"
안녕하세요. #{수신자명}님께서 구매하신 #{상품명}}(이)가 금일 배송출고 되었습니다.

▶배송업체: #{배송업체}
▶운송장번호: #{운송장번호}

구매해 주셔서 감사합니다.",배송,배송상태,"배송,출고,배송예정,구매,주문,출고완료,배송안내,발송완료,도착예정",IBWINGO3940_1656053916450,배송 출고 안내
"
안녕하세요 #{수신자명}님,
주문하신 제품이 배송 지연 중입니다.

▶지연사유: #{지연사유}
▶예상 배송 시작일: #{예상 배송 시작일}
▶배송업체: #{배송업체}
▶송장번호: #{송장번호}

빠른 배송을 위해 최선을 다하겠습니다.
감사합니다.",배송,배송상태,"배송,지연,배송지연,배송안내,구매,주문,배송예정,배송실패",IBWINGO3940_1656053987456,배송 지연 안내
"
안녕하세요 #{수신자명}님,
고객님께서 요청하신 상품의 수선이 완료 되어 발송 예정입니다.

▶ 택배사 : #{택배사}
▶ 송장번호 : #{송장번호}
▶ 상품명 : #{상품명}

배송은 2~3일 정도 소요됩니다.
감사합니다.",배송,배송예정,"수선,배송,배송조회,수선완료,택배",IBWINGO3940_1655974512178,수선 완료 배송 예정 안내
"
안녕하세요. #{수신자명}님.

주문하신 상품이 발송 되었습니다.

▶ 주문자명 : #{주문자명}
▶ 날짜 : #{날짜}
▶ 상품명 : #{상품명}
▶ 택배사 : #{택배사}
▶ 운송장번호 : #{운송장번호}

공휴일 제외 1~2일 내에 배송될 예정입니다.",배송,배송상태,"구매,구매완료,주문,주문완료,배송,배송조회,발송,상품발송,제품발송,제품",IBWINGO3940_1655975270167,상품 발송
"
고객님께서 예약하신 음식을 내일 요청하신 시간에 맞춰 배달해드릴 예정입니다.

자세한 정보는 아래 홈페이지에서 확인해주세요.

#{발신 스페이스} 이용을 감사드립니다.",배송,배송예정,"배달,배송,주문,예약,배달안내",IBWINGO3940_1655978098998,배달 안내
"
안녕하세요. #{수신자명}님의 상품이 #{배송 예정일}에 도착 예정입니다.

배송 예상 도착 시간은 교통상황에 따라 변경될 수 있습니다.

정확한 예상 도착 시간 서비스를 위해 출입 시 현관 비밀번호가 있을 경우 홈페이지 고객센터에 말씀해주세요.

<주문정보>
▶ 송장번호 : #{송장번호}
▶ 택배사 : #{택배사}
▶ 상품명 : #{상품명}

감사합니다.",배송,배송예정,"배송,조회,도착,배송도착,제품도착,예상도착시간",IBWINGO3940_1656054279846,배송 예상 도착 시간 서비스
"
안녕하세요 #{수신자명} 고객님.
#{발신 스페이스} 회원으로 가입해 주셔서 감사합니다.

회원님의 가입선물이 회원정보에 등록된 주소로 배송될 예정입니다.

▶ 배송예정일 : #{배송예정일}

※ 가입선물이 이미 발송되어 주소 변경은 불가한 점 참고 부탁드립니다.

감사합니다.",배송,배송예정,"배송,회원가입,가입선물,회원혜택,가입혜택,제품,배달",IBWINGO3940_1655978177605,회원가입 선물 안내
"안녕하세요 #{수신자명} 고객님.
주문하신 제품이 배송 완료되었습니다.

▶ 주문번호 : #{주문번호}
▶ 배송업체 : #{배송업체}
▶ 송장번호 : #{송장번호}

구매하신 제품은 잘 받아보셨나요?
오늘도 저희 제품을 구매해주셔서 감사합니다.",배송,배송완료,"배송,배송완료,주문,구매,주문번호,배송업체,송장번호,제품,도착,배달완료",IBWINGO3940_1655978227613,배송 완료
"
안녕하세요 #{수신자명}고객님,
#{발신 스페이스}입니다.

주문하신 상품 배송이 완료되었습니다.

▶ 상품명 : #{상품명}
▶ 주문번호 : #{주문번호}

배송 받으신 상품이 마음에 드셨다면 지금 바로 구매 확정해주세요.
구매 확정을 해주시면 추가 혜택이 지급됩니다.
자세한 내용은 홈페이지에서 확인해주세요.",배송,배송완료,"배송,주문,구매,확정,구매확정,배송완료,혜택",IBWINGO3940_1655978266581,구매 확정 요청
"
안녕하세요. #{수신자명}고객님.
#{상품명} 샘플 상품은 잘 받아보셨나요?

보내드린 상품을 수령하신 후 충분히 사용해보시고 마음에 드신다면 홈페이지에서 직접 확인해보세요.

항상 #{발신 스페이스} 이용에 감사드립니다.",배송,배송완료,"배송,샘플,시안,샘플배송,배송완료,배달,주문",IBWINGO3940_1655978310388,샘플 배송 완료
"
안녕하세요. #{수신자명}고객님.
주문하신 상품이 출고 완료되었습니다.

▶ 택배사 : #{택배사}
▶ 운송장번호 : #{운송장번호}

빠르고 안전한 배송을 위해 최선을 다하겠습니다.
감사합니다.",배송,배송상태,"배송,출고,출고완료,배송예정,주문,구매,배달",IBWINGO3940_1655978342533,출고 완료 안내
"
안녕하세요 #{수신자명}님,
주문하신 제품을 부분 발송하였습니다.

나머지 제품도 최대한 빠른 시일 내에 받아보실 수 있도록 노력하겠습니다!
조금만 기다려주세요.

▶ 택배사 : #{택배사}
▶ 송장번호 : #{송장번호}
▶ 상품명 : #{상품명}

공휴일 제외 1~3일 내에 배송될 예정입니다.

감사합니다.",배송,배송상태,"배송,출고,부분,부분배송,부분발송,발송완료,발송,주문,구매",IBWINGO3940_1656293628944,상품 부분 발송
"
안녕하세요 #{수신자명}님,
고객님께서 주문하신 상품이 발송될 예정입니다.

고객님께서 만족하실 수 있도록 정성을 담아 상품을 전달해 드리겠습니다.

▶ 상품명 : #{상품명}
▶ 결제금액 : #{결제금액}원
▶ 택배사명 : #{택배사명}
▶ 송장번호 : #{송장번호}

※ 교통상황에 따라 도착시간이 변경될 수 있습니다. 고객님의 양해를 부탁드립니다.

※ 자세한 주문내역은 아래 버튼을 통해 앱에서 확인하실 수 있습니다.",배송,배송예정,"배송,배송예정,배송상태,주문,발송",IBWINGO3940_1656045240736,배송 안내
"
안녕하세요 #{수신자명}님,
주문하신 제품이 #{지연 사유}(으)로 인하여 배송이 지연되고 있어 안내 드립니다.
배송이 늦어지게 되어 사과 드립니다.
주문하신 제품은 #{출고예정일} 출고 예정입니다.

배송이 지연 되어 다시 한 번 사과 드리며 배송 관련 문의는 고객센터로 연락 주시면 친절히 상담해드리겠습니다.

▶ 고객센터 : #{고객센터}

감사합니다.",배송,배송상태,"배송실패,배송지연,배송,연기,지체",IBWINGO3940_1656045264908,배송 지연 안내
"
안녕하세요 #{수신자명}님,
요청하신 상품이 배송 완료되었습니다.

▶주문번호: #{주문번호}
▶주문상품: #{주문상품}

주문내역을 확인하시려면 아래의 버튼을 클릭해 주세요.

※문의사항이 있으신 경우 홈페이지에 문의해 주세요.",배송,배송완료,"배송,배송완료,배송정보,구매,주문,구매완료,수령,배송확인",IBWINGO3940_1656052724169,배송 완료
"
안녕하세요 #{수신자명}님,
주문하신 상품의 배송이 시작되었습니다.

▶ 주문상품명 : #{주문상품명}
▶ 송장번호 : #{송장번호}
▶ 택배사명 : #{택배사명}

상세한 정보는 아래 배송조회 통해 확인해 주세요.",배송,배송상태,"배송출발,배송,배송상태,발송,배송시작",IBWINGO3940_1656052794783,배송 출발 안내
"
안녕하세요. #{수신자명}님,
주문하신 상품이 배송 완료되었습니다.

▶주문번호: #{주문번호}
▶송장번호: #{송장번호}
▶택배사 : #{택배사}

이용해주셔서 감사합니다. 구매하신 상품이 마음에 드셨다면, 소중한 리뷰를 남겨주세요.",배송,배송완료,"리뷰,후기,배송,배송완료,배송정보,주문,구매,구매완료,주문완료,상품리뷰",IBWINGO3940_1650346800880,배송 완료 안내
"
안녕하세요 #{수신자명}님,
#{상품명}이 배송될 예정입니다.
배송지 변경을 원하시는 경우 또는 주소가 정상적으로 입력되지 않은 경우
아래 주소에서 변경 부탁드리겠습니다.",배송,배송예정,"리마인드,배송예정,주소,주소확인,배송안내",IBWINGO3940_1650346772803,배송 주소지 확인 알림
"
안녕하세요 #{수신자명}님,
구매하신 #{상품명} 상품은 묶음배송이 불가하여, 부득이하게 개별배송됩니다.

궁금하신 점은 아래 전화로 문의 주세요.
▶ 고객센터 : #{고객센터}

조금만 기다려주세요!
감사합니다!",배송,배송예정,"개별배송,배송,배송예정,배송실패,발송",IBWINGO3940_1650346717889,개별 배송 안내
"안녕하세요 #{수신자명}님,
#{상품명}이 배송될 예정입니다.

▶ 송장번호 : #{송장번호}
▶ 택배사 : #{택배사}

도로교통상황에 따라 배송코스가 변경될 수 있어
정확한 도착시간을 안내 드리지 못하는 점 양해 부탁드립니다.",배송,배송예정,"리마인드,배송예정,배송,배송안내,전일",IBWINGO3940_1650346632449,배송 안내
"
안녕하세요 #{수신자명}님,
주문하신 제품이 #{지연사유}(으)로 인하여 배송이 지연되고 있어 안내 드립니다.
배송이 늦어지게 되어 사과 드립니다.
주문하신 제품은 #{출고일} 출고 예정입니다.

배송이 지연 되어 다시 한 번 사과 드리며 배송 관련 문의는 고객센터로 연락 주시면 친절히 상담해드리겠습니다.

▶ 고객센터 : #{고객센터}

감사합니다.",배송,배송상태,"배송실패,배송지연,배송,연기,지체",IBWINGO3940_1650346603134,배송 지연 안내
"
안녕하세요 #{수신자명}님,
주문하신 상품의 배송이 시작되었습니다.

▶ 주문상품명 : #{주문상품명}
▶ 송장번호 : #{송장번호}
▶ 택배사명 : #{택배사명}

상세한 정보는 아래 배송조회 통해 확인해 주세요.",배송,배송상태,"배송출발,배송,배송상태,발송,배송시작",IBWINGO3940_1650346549783,배송 출발 안내
"
안녕하세요 #{수신자명}님,
고객님께서 주문하신 상품이 발송될 예정입니다.

고객님께서 만족하실 수 있도록 정성을 담아 상품을 전달해 드리겠습니다.

▶ 상품명 : #{상품명}
▶ 결제금액 : #{결제금액}원
▶ 택배사명 : #{택배사명}
▶ 송장번호 : #{송장번호}

※ 교통상황에 따라 도착시간이 변경될 수 있습니다. 고객님의 양해를 부탁드립니다.

※ 자세한 주문내역은 아래 버튼을 통해 앱에서 확인하실 수 있습니다.",배송,배송예정,"배송,배송예정,배송상태,주문,발송",IBWINGO3940_1650346388311,배송 안내
"
안녕하세요 #{수신자명}님,
요청하신 상품이 배송 완료되었습니다.

▶주문번호: #{주문번호}
▶주문상품: #{주문상품}

주문내역을 확인하시려면 아래의 버튼을 클릭해 주세요.

※문의사항이 있으신 경우 홈페이지에 문의해 주세요.",배송,배송완료,"배송,배송완료,배송정보,구매,주문,구매완료,수령,배송확인",IBWINGO3940_1643015322572,배송 완료
"
안녕하세요 #{수신자명} 고객님,
고객님께서 주문하신 상품을 아래 사진 속 위치에 배송 완료하였습니다.

사진 속 위치를 알기 어려우시거나 문의사항이 있으신 경우 고객센터 및 홈페이지 문의를 남겨주시면 빠르게 응대해 드리겠습니다.

오늘도 #{발신 스페이스}과 함께 즐거운 하루 보내세요!
감사합니다.

고객센터 : #{고객센터}",배송,배송완료,"배송,배송완료,배송정보,구매,주문,사진,배송확인,배송지확인,배송지",IBWINGO3940_1642987565368,배송 완료
"
안녕하세요 #{수신자명} 고객님,
고객님께서 주문하신 상품을 댁 앞에 안전하게 배송 완료하였습니다.

혹시 상품을 수령하지 못하셨거나 상품에 이상이 있을 경우 고객센터 또는 홈페이지 문의를 남겨주시면 빠르게 응대해 드리겠습니다.

오늘도 #{발신 스페이스}과 함께 즐거운 하루 보내세요!
감사합니다.

고객센터 : #{고객센터}",배송,배송완료,"배송,배송완료,배송정보,구매,주문,사진,배송확인,배송지확인,배송지",IBWINGO3940_1642987598630,배송 완료
"
안녕하세요 #{수신자명} 고객님,
주문하신 상품이 매장에 도착하였습니다.

▶상품: #{상품}
▶방문 시간: #{방문 시간}

상품 수령해주시기 바랍니다.
감사합니다.",배송,배송완료,"입고,재입고,배송,주문,사전구매,구매,주문,배송완료,도착",IBWINGO3940_1642987636918,주문 상품 도착 안내
"
안녕하세요 #{수신자명} 고객님,
고객님이 주문하신 상품이 출고 되었으나, 택배 파업으로 인해 고객님 배송지로 도착하지 못하고 저희 측으로 반송되었습니다. 현재 파업으로 인해 재출고 또한 하지 못하는 상황입니다.

주문건을 취소하실지 혹은 파업 종료시까지 대기하실지 확인하여 전화 주시면 감사하겠습니다.

불편을 드려 죄송합니다.

▶고객센터: #{고객센터}",배송,배송실패,"배송실패,실패,배송,배송정보,배송안내",IBWINGO3940_1642987732262,배송 실패 안내
"
안녕하세요 #{수신자명}님,
이번 주 발송 예정이던 #{상품명}의 품질이 너무 좋지 못하여 다음 주로 배송을 연기하고자 합니다.

조금만 기다려주시면 좋은 품질의 물건으로 보답해드리겠습니다.

▶배송 예정 시작일 : #{배송 예정 시작일}

배송이 연기된 점 양해 부탁 드리며, 항상 이용해 주셔서 감사합니다.",배송,배송상태,"배송,연기,배송연기,배송예정,상품안내,배송안내,지체",IBWINGO3940_1642987086529,배송 연기 안내
"
안녕하세요. #{수신자명}님.
주문하신 상품의 송장번호가 변경되었습니다.

▶택배사: #{택배사}
▶주문번호: #{주문번호}
▶송장번호: #{송장번호}

확인 부탁드립니다.
감사합니다.",배송,배송상태,"배송,송장번호,배송안내,주문,구매,변경,운송장번호",IBWINGO3940_1643003565334,송장번호 변경 안내
"
안녕하세요. #{수신자명}님.
주문하신 상품의 송장번호가 삭제되었습니다.

▶택배사: #{택배사}
▶주문번호: #{주문번호}
▶송장번호: #{송장번호}

판매자의 오기입으로 송장번호가 삭제될 수 있습니다.
자세한 문의는 아래 버튼을 클릭해 주세요.
감사합니다.",배송,배송상태,"배송,송장번호,배송안내,주문,구매,삭제,배송실패,정보변경,운송장번호",IBWINGO3940_1643003636383,송장번호 삭제 안내
"
안녕하세요. #{수신자명}님,
#{수신자명}님의 제품이 발송되었습니다.

▶택배사: #{택배사}
▶송장번호: #{송장번호}
▶제품명: #{제품명}

단순히 제품을 판매하는 것에서 그치는 것이 아니라, 제품을 모두 다 사용하실 때까지 만족하실 수 있도록 더욱 노력하겠습니다.
사용하시면서 궁금하신 점이나 불편하신 점 있으시면 언제든 연락주세요.

오늘도 건강하고 행복한 하루 되세요.",배송,배송상태,"배송,발송,구매,주문,배송예정,제품발송,발송안내,발송완료",IBWINGO3940_1643003838171,제품 발송 안내
"
안녕하세요. #{수신자명}님께서 구매하신 #{상품명}(이)가 금일 배송출고 되었습니다.

▶배송업체: #{배송업체}
▶운송장번호: #{운송장번호}

구매해 주셔서 감사합니다.",배송,배송상태,"배송,출고,배송예정,구매,주문,출고완료,배송안내,발송완료,도착예정",IBWINGO3940_1642987251535,배송 출고 안내
"
안녕하세요. #{수신자명}님, 요청하신 택배 배송 정보 전달드립니다.

▶배송업체: #{배송업체}
▶주문번호: #{주문번호}
▶운송장번호: #{운송장번호}

아래 버튼을 클릭하시면 더 자세한 정보를 보실 수 있습니다.",배송,배송상태,"배송,배송안내,배송예정,구매,주문,배송정보,구매정보,주문정보,주문내역",IBWINGO3940_1643003895884,배송 정보 안내
"
안녕하세요 #{수신자명}님,
주문하신 제품이 배송 지연 중입니다.

▶지연사유: #{지연사유}
▶예상 배송 시작일: #{예상 배송 시작일}
▶배송업체: #{배송업체}
▶송장번호: #{송장번호}

빠른 배송을 위해 최선을 다하겠습니다.
감사합니다.",배송,배송상태,"배송,지연,배송지연,배송안내,구매,주문,배송예정,배송실패",IBWINGO3940_1643003912883,배송 지연 안내
"
안녕하세요. #{발신 스페이스} 입니다.
#{수신자명}님께서 주문하신 제품이 폭설로 인하여 배송 지연 중입니다.
차량 운행이 가능한대로 제품 발송 예정이니 조금만 기다려 주시기 바랍니다.

감사합니다.",배송,배송상태,"배송,지연,배송지연,배송안내,구매,주문",IBWINGO3940_1642987378391,배송 지연 안내
"
주문하신 제품이 #{발송처} 현지에서 출고되었습니다.
항공 운송 후 공항에서 통관이 진행됩니다.

통관후 우체국 운송장번호 (#{운송장번호})로 조회되며, 통관까지는 3-5일 소요됩니다.
통관 전에는 운송장번호가 조회되지 않습니다.
▶배송업체: #{배송업체}
감사합니다.",배송,배송상태,"배송,해외,해외배송,구매,주문,출고,배송안내,출고완료,구매확인,배송확인",IBWINGO3940_1643003931944,배송 안내
"
안녕하세요 #{수신자명}님,
현재 교통상황으로 인해 당일배송으로 수령하시는 상품의 배송시간이 지연될 수 있어 안내드립니다.

#{배송 예전시각} 이전까지는 배송이 완료될 것으로 예상되며, 최대한 빠르게 배송해드릴 수 있도록 최선을 다하겠습니다.

▶배송업체: #{배송업체}
▶송장번호: #{송장번호}

감사합니다.",배송,배송예정,"배송,지연,배송지연,배송안내,구매,주문,배송예정",IBWINGO3940_1643003957754,당일 배송 지연 안내
"
안녕하세요. #{수신자명} 고객님.

주문하신 상품이 아래 시간에 도착할 예정입니다.

▶도착예정시간: #{도착예정시간}
▶배송업체: #{배송업체}
▶송장번호: #{송장번호}

#{서비스}을 이용해 주셔서 감사합니다.",배송,배송예정,"배송예정,배송도착,배송,배송도착예정알림,구매,주문,구매정보",IBWINGO3940_1643003972128,배송 도착 예정 시간 안내
"
안녕하세요 #{수신자명}님,
#{수신자명}님이 주문하신 상품이 배송완료 되었습니다.

상품은 잘 받아보셨나요?^^

#{발신 스페이스}에서는 #{수신자명}님의
소중한 리뷰를 기다리고 있습니다.",배송,배송완료,"배송완료,배송,배송상태,발송,주문",IBWINGO202_1638844218470,배송 완료 안내
"
안녕하세요 #{수신자명}님,
아래와 같은 이유로 배송에 실패하였습니다.

▶ 상품명 : #{상품명}
▶ 실패이유 : #{실패이유}

불편을 드린 점 양해 부탁드리며, 재주문 하시려면 아래 버튼을 클릭해주세요.",배송,배송실패,"배송실패,배송지연,연기,지체,재주문",IBWINGO202_1638850365036,배송 실패 안내
"[#{문의} 결과 확인 안내]

안녕하세요 #{수신자명}님, 
#{문의} 결과가 홈페이지에 발표되었습니다.
하단 ""결과보기"" 클릭하시어 확인 부탁드립니다.

▶ 문의사항 : #{문의사항}",리포팅,계약/견적,"결과,결과도착,결과확인,결과안내",IBWINGO3940_1656291393694,결과 확인 안내
"
#{수신자명}님 안녕하세요.

변경 계약체결이 완료되었습니다.

▶ 계약 번호 : #{계약 번호}
▶ 계약 금액 : #{계약 금액}
▶ 계약자 : #{계약자}

<계약서 조회 방법>
#{조회 방법}

감사합니다.",리포팅,계약/견적,"계약,계약완료,계약알림,계약안내",IBWINGO3940_1656222050933,계약 완료 안내
"
#{수신자명}님 안녕하세요.

작성하신 제안서가 성공적으로 기업측에 전송되었습니다.

▶ 문의서 제목 : #{문의서 제목}
▶ 제안서 제목 : #{제안서 제목}

기업측 담당자가 제안서를 열람 및 채택하기까지 기다려주세요.",리포팅,계약/견적,"제안서,제안서도착,제안서알림,제안서안내",IBWINGO3940_1656222087704,제안서 도착 알림
"
안녕하세요 #{수신자명}님,
신청하신 응모권이 발급되었습니다.
유효기간 이내에 응모해보세요!

▶ 응모권 : #{응모권}
▶ 유효 기간 : #{유효 기간}
▶ 사용 방법 : #{사용 방법}

응모 결과 및 기타 문의 사항은 홈페이지에서 확인해주세요.

※ 이 메시지는 신청하신 응모권 지급 안내 메시지입니다.",리포팅,피드백,"응모권,지급,응모권지급,응모,쿠폰,이벤트",IBWINGO3940_1656222121831,응모권 발급 안내
"
안녕하세요 #{수신자명}님!
#{이벤트명} 이벤트 당첨을 진심으로 축하드립니다.

▶ 당첨 경품 : #{당첨 경품}
▶ 당첨 확인 : #{당첨 확인}

경품은 이벤트 신청 시, 개인정보로 작성해주신 정보를 토대로 배송됩니다.

감사합니다.",리포팅,피드백,"이벤트,당첨,응모,선물,경품,응모당첨,선물당첨,경품당첨,선물지급,이벤트선물지급,이벤트안내",IBWINGO3940_1656222154000,이벤트 당첨 안내
"
#{수신자명}님의 이번 달 정산이 완료되었습니다.

▶ 정산액 : #{정산액}
▶ 입금은행 : #{입금은행}
▶ 입금계좌 : #{입금계좌}

앞으로도 많은 이용 부탁드려요.
감사합니다.",리포팅,요금청구,"납부,정산,지급,요금,정산안내,요금안내",IBWINGO3940_1656222203928,정산 완료 안내
"
안녕하세요, #{발신 스페이스}입니다.

이번 달 책자가 발행되어, 신청하신 정기 발행 책자 안내해 드립니다.

아래 버튼을 클릭하여 책자를 확인해 주세요!

※ 해당 메시지는 고객님의 신청에 의해 발송됩니다.",리포팅,뉴스레터,"알림,정기서비스,뉴스레터,책자,발간,발행,도서,출판",IBWINGO3940_1656222260126,책자 발행 알림
"
안녕하세요. #{수신자명}고객님.
이번 달의 베스트 리뷰로 선정되어, 혜택 안내드립니다.

▶ 베스트 리뷰 상품 : #{베스트 리뷰 상품}
▶ 주소 : #{주소}

앞으로도 #{발신 스페이스} 많은 관심 부탁드립니다.
감사합니다.

※ 최근 주문하신 주소지로 보내드리오니, 변경이 필요할 시 문의 부탁드립니다.",리포팅,피드백,"리뷰,후기,베스트,당첨,혜택,상품,선물",IBWINGO3940_1655977885758,베스트 리뷰 선정 안내
"
안녕하세요. #{수신자명}님.
결제계좌 안내드립니다.

▶ 은행명 : #{은행명}
▶ 계좌번호 : #{계좌번호}
▶ 결제금액 : #{결제금액}

자세한 내용은 홈페이지에서 확인해주세요.
감사합니다.",리포팅,요금청구,"입금,미납,요청,입금요청,대금,요금",IBWINGO3940_1655977925828,입금 요청 안내
"
안녕하세요 #{수신자명}님, 
요청하신 견적 접수되었습니다.
빠른 시일 내에 상담하도록 하겠습니다
감사합니다.

<문의사항>
▶ 고객센터 : #{고객센터}
▶ 이메일 : #{이메일}",리포팅,계약/견적,"견적,접수,견적서,접수알림,처리,견적접수",IBWINGO3940_1655977972095,견적 접수 안내
"
안녕하세요 #{수신자명}님,
문의주신 상품 견적가 안내드립니다.

▶ 상품명 : #{상품명}
▶ 견적가 : #{견적가}

견적가로 주문 진행을 원하시면 [주문하기] 버튼을 눌러주세요.

※ 상품에 따라 요금이 추가될 수 있습니다.",리포팅,계약/견적,"견적서,견적,주문,구매,견적완료,도착",IBWINGO3940_1655978009812,견적서 도착 알림
"
안녕하세요 #{수신자명}님, 
요청하신 견적서 메일(#{메일주소})로 보내드렸습니다.
확인부탁드립니다.

※ 다시 상담을 원하시거나, 추가 문의 사항이 있으시면 고객센터로 연락 부탁드립니다.

▶ 고객센터 : #{고객센터}",리포팅,계약/견적,"견적서,견적서도착,견적서알림,서류,서류알림",IBWINGO3940_1656053181228,견적서 도착 알림
"
안녕하세요 #{수신자명}님,
고객님이 주문하신 상품의 입금 요청드립니다

▶ 주문번호 : #{주문번호}
▶ 상품명 : #{상품명}
▶ 결제금액 : #{결제금액}원

이용해주셔서 감사합니다.",리포팅,요금청구,"입금,입금요청,주문,주문안내,주문내역",IBWINGO3940_1656053210747,입금 요청 안내
"
안녕하세요 #{수신자명}님,
#{월} 월 고객님의 #{강의명} 수강료가 미납으로 확인되었습니다.

▶ 입금자명 : #{입금자명}
▶ 결제금액 : #{결제금액}

미납 금액 #{결제금액} 원
신속한 수납 부탁드립니다.

감사합니다.",리포팅,요금청구,"수강료,미납,수업,수강,강의,학원,교육,학원비",IBWINGO3940_1655973746821,수강료 미납 안내
"
안녕하세요. #{발신 스페이스} 입니다.
#{이벤트명} 이벤트 당첨자 발표 안내드립니다.
이번 이벤트에 참여해 주신 것을 진심으로 감사드립니다.

상품 배송은 순차적으로 도와드릴 예정이며, 상품에 대한 솔직한 평가를 남겨주시면 감사드리겠습니다.

감사합니다.

※ 이 메시지는 고객님의 이벤트 신청 결과 안내 메시지입니다.",리포팅,피드백,"리뷰,후기,이벤트,당첨,선물,경품,이벤트안내,경품,경품당첨",IBWINGO3940_1650507545768,리뷰 이벤트 당첨 안내
"
안녕하세요 #{수신자명}님,
고객님께 #{응모권명}응모권이 신규 발급되었습니다.

▶ 신규 발급 응모권 : #{응모권명}
▶ 유효기간 : #{유효기간}

경품별 응모현황과 기타 사항은 이벤트 페이지에서 확인해주시기 바랍니다.

※ 이 메시지는 신청하신 응모권 지급 안내 메시지입니다.",리포팅,피드백,"응모권,지급,응모권지급,응모,쿠폰,이벤트",IBWINGO3940_1650507287829,응모권 발급 안내
"
안녕하세요 #{수신자명}님,
회원님의 #{상품명} 이용 종료일이 임박하여 연장안내 드립니다.

[상품정보]
▶ 이용기간 : #{이용기간}

※ 이 메시지는 고객님의 동의에 의해 발송되는 상품 안내 메시지입니다.",리포팅,피드백,"연장,연장안내,기간,기간연장,이용기간",IBWINGO3940_1650507255660,연장 안내
"
#{수신자명}님, 축하드립니다!
응모하신 #{이벤트명} 이벤트에 당첨되셨습니다.

▶경품: #{경품}

경품 수령을 위해 아래 버튼을 클릭하여 개인 정보를 정확히 기재 부탁드립니다.

※입력된 정보에 오류가 있거나, 기한 내 정보 제출되지 않을 경우 당첨이 자동 취소될 수 있습니다.",리포팅,피드백,"이벤트,당첨,응모,선물,경품,응모당첨,선물당첨,경품당첨,선물지급,이벤트선물지급,이벤트안내",IBWINGO3940_1642753607523,이벤트 당첨 안내
"
안녕하세요, #{수신자명}님,
#{발신 스페이스} 입니다.

#{서비스} 요금이 청구되었습니다.
▶청구요금 : #{청구요금}

자세한 청구 내역은 아래 버튼을 클릭해 주시기 바랍니다.",리포팅,요금청구,"청구서,청구,요금청구,미납,납부,요금안내,청구서안내,납부안내",IBWINGO3940_1642753675443,요금 청구 안내
"
#{발신 스페이스} 요금 미납으로 서비스 사용 정지되었습니다.

미납 전액 납부하셔야 정지 해제되므로 빠른 납부 바랍니다.
▶미납금액: #{미납금액}

자세한 내용은 아래 ""자세히보기"" 버튼을 클릭해 주세요.",리포팅,요금청구,"미납,납부,청구서,청구,요금,서비스정지,서비스,청구안내,요금납부안내,납부안내,요금안내",IBWINGO3940_1642753708772,미납 요금 청구 안내
"
#{수신자명}님, 신청하신 정산의 지급이 완료되었습니다.

▶정산 신청 금액: #{정산 신청 금액}
▶정산 신청일: #{정산 신청일}

정산 지급 금액을 확인하시려면 아래 ""금액 확인하기"" 버튼을 클릭해 주세요.",리포팅,요금청구,"납부,정산,지급,요금,정산안내,요금안내",IBWINGO3940_1642983118032,정산 완료 안내
"
안녕하세요, #{발신스페이스}입니다.

#{수신자명}님께서 신청해 주신 #{발신 스페이스}의 소식을 담은 책장이 발행되어 안내드립니다.

아래 버튼을 클릭하여 책자를 확인해 주세요!

※ 해당 메시지는 고객님의 신청에 의해 발송됩니다.",리포팅,뉴스레터,"알림,정기서비스,뉴스레터,책자,발간,발행,도서,출판",IBWINGO3940_1642983164239,책자 발행 알림
"
안녕하세요 #{수신자명}님,
고객님이 주문하신 상품의 입금 요청드립니다

▶ 주문번호 : #{주문번호}
▶ 상품명 : #{상품명}
▶ 결제금액 : #{결제금액}원

이용해주셔서 감사합니다.",리포팅,요금청구,"입금,입금요청,주문,주문안내,주문내역",IBWINGO202_1638780457050,입금 요청 안내
"
안녕하세요 #{수신자명}님, 
요청하신 견적서 메일로 보내드렸습니다.
확인부탁드립니다.

※ 다시 상담을 원하시거나, 추가 문의 사항이 있으시면 보내드린 견적서를 기반으로 실측을 원하시면 고객센터로 연락 바랍니다.

고객센터 : #{고객센터}",리포팅,계약/견적,"견적서,견적서도착,견적서알림,서류,서류알림",IBWINGO202_1638780495717,견적서 도착 알림
"[#{서비스} 결과 확인 안내]

안녕하세요 #{수신자명}님, 
#{서비스} 결과가 홈페이지에 발표되었습니다.
하단 ""결과보기"" 클릭하시어 확인 부탁드립니다.

▶ 전화 문의: #{전화 문의}",리포팅,계약/견적,"결과,결과도착,결과확인,결과안내",IBWINGO202_1638780542304,결과 확인 안내
"
안녕하세요 #{수신자명}님, 
고객님과 계약이 완료되었습니다.

#{발신 스페이스}와 항상 함께 해주셔서 고맙습니다.",리포팅,계약/견적,"계약,계약완료,계약알림,계약안내",IBWINGO202_1638780586661,계약 완료 안내
"
안녕하세요 #{수신자명}님, 
고객님의 청구서가 도착하였으니, 아래 버튼을 눌러 확인해주시기 바랍니다.",리포팅,요금청구,"청구서,청구서알림,도착알림,청구서안내",IBWINGO202_1638780655933,청구서 도착 알림
"
안녕하세요 #{수신자명}님, 
#{방송}이 #{시간}에 진행됩니다.
아래의 링크를 통해 방송을 시청해 주세요.",리포팅,뉴스레터,"방송,방송안내,라이브,방송알림",IBWINGO202_1638780818220,방송 알림
"
안녕하세요 #{수신자명}님,
코로나19 감염 예방을 위하여 내원 중에는 반드시 마스크를 착용해주시기 바랍니다.

감사합니다.",리포팅,안전/피해예방,"코로나,코로나안내,코로나19,예방,마스크",IBWINGO202_1638780847060,코로나 안내
"
안녕하세요 #{수신자명} 님,
작성하신 제안서가 성공적으로 도착하였습니다.

▶ 제안서 : #{제안서}

* 해당 제안서 도착 메시지는 고객님의 알림 신청에 의해 발송됩니다.",리포팅,계약/견적,"제안서,제안서도착,제안서알림,제안서안내",IBWINGO202_1638939108403,제안서 도착 알림
"
안녕하세요 #{수신자명} 님,
#{수신자명}님이 작성하신 제안서가 채택되었습니다. 
연락 부탁드리겠습니다.
감사합니다.

▶ 제안서 : #{제안서}",리포팅,계약/견적,"제안서,제안서채택,제안서알림,제안서안내,제안서선택",IBWINGO202_1638781786178,제안서 채택 알림
"
안녕하세요 #{수신자명}님,
#{발신 스페이스}을 이용해주셔서 감사합니다.
회원님께서 신청하신 #{이벤트명} 이벤트의 응모가 완료되었습니다.

자세한 내용은 아래 버튼을 클릭해 주세요.",리포팅,피드백,"응모,응모권,응모완료,이벤트,응모안내",IBWINGO202_1638782384529,응모완료안내
"
#{수신자명} 고객님, 축하드립니다!
고객님이 응모하신 #{이벤트} 에 당첨되셨습니다.

자세한 내용은 아래 버튼을 클릭해 주세요.",리포팅,피드백,"응모,당첨,응모권,당첨알림,응모당첨",IBWINGO202_1638782420182,응모 당첨 안내
"
안녕하세요 #{수신자명}님,
항상 #{발신 스페이스}을 이용해주셔서 감사드리며, 고객님의 소중한 금융자산을 보호하기 위해 보이스피싱 피해 및 금융사고 예방관련 유의사항을 안내 드리오니 각별히 주의하시기 바랍니다.


■ 최근 자녀 사칭 또는 재난지원금 지급 및 백신접종 등을 빙자하여 신분증, 카드번호, 온라인 결제 등을 요구하거나, 당사를 사칭하여 고수익을 보장하는 신종 보이스피싱(금융사기)이 증가하고 있어 각별한 주의가 필요합니다. 

■ 금융사고 피해예방을 위하여 신분증, 신용카드, 통장, 비밀번호, OTP(보안카드)번호, 인증서 등은  절대 휴대폰 등 온라인을 통해 절대 제공하여서는 안되며, 고객님께서 직접 안전하게 관리하여 주시기 바랍니다.


[사기 피해예방을 위한 행동요령]

1. 카톡, 문자로 신분증 사본, 계좌번호, 신용카드번호 요구시 가족포함 절대 제공 금지
2. 카톡, 문자 등을 통해 금전을 요구하면 가족포함 무조건 이체 금지
3. 출처가 불분명한(가족,지인 포함) 스마트폰 원격조정 앱 설치요구 시 무조건 거절
※ 피해발생 시 경찰(☎112, 182) 및 금융감독원(☎1332) 즉시 신고
※ 본 안내는 보이스피싱 피해 및 금융사고 예방을 위하여 수신동의 여부와 관계없이 고객님께 안내드리는 내용입니다.",리포팅,안전/피해예방,"보이스피싱,피해,예방,안전,피해예방",IBWINGO202_1638782564331,보이스피싱 피해예방 안내
"
안녕하세요 #{수신자명}님,
#{수업명} 수업 후기가 등록되었습니다.
회원님의 후기를 확인하시고 답글을 달아주세요.",리포팅,피드백,"후기,후기등록,피드백,피드백요청,리포팅",IBWINGO202_1638782606467,후기 등록 완료
"
안녕하세요 #{수신자명}님,
거래가 완료 되었습니다.

자세한 내역은 아래 버튼을 클릭하여 확인해주세요.",리포팅,거래알림,"거래,거래완료,거래알림,리포팅,거래안내",IBWINGO202_1638782649515,거래완료알림
"
안녕하세요 #{수신자명}님, 
카드 이용건이 자녀나 지인에게
카카오톡 등 메신저로 부탁받은 것이라면, 
즉시 고객보호센터(#{전화번호})로 
연락해 주시기 바랍니다.

최근 지인을 사칭해 메신저로 접근하여
카드 결제를 유도하는 메신저피싱 피해 사례가
증가하고 있으니, 반드시 전화 통화로 
자녀 또는 지인이 맞는지 확인하셔야 합니다.",리포팅,안전/피해예방,"안전,피해예방,메신저,피싱,보이스피싱",IBWINGO202_1638782739802,메신저피싱 피해 예방 안내
"
안녕하세요 #{수신자명} 고객님,
#{행사명} 행사에 참여해주셔서 감사합니다.

▶ 성함 : #{성함}
▶ 날짜 : #{날짜}
▶ 장소 : #{장소}

날짜와 장소를 확인해주세요.

※ 해당 메시지는 고객님의 알림 신청에 의해 발송되는 일회성 메시지입니다.",기타,기타,"행사,이벤트,고객안내,공지,알림,참여,일정안내,장소안내",IBWINGO3940_1656221993271,행사 안내
"
안녕하세요 #{수신자명} 고객님,

바쁘신 중에도 전화 상담 만족도 설문에 의견을 주셔서 감사드립니다.

▶ 설문 내용 : #{설문 내용}
▶ 설문일 : #{설문일}

불편 드린 점은 빠른 시일 내에 개선하고 만족스러운 서비스를 제공하겠습니다.

감사합니다.",기타,기타,"만족도,설문,설문조사,고객만족도,감사인사,전화상담,상담만족도,만족도조사,리뷰,후기",IBWINGO3940_1656222018112,상담 만족도 참여 감사
"
안녕하세요 #{수신자명}님,
#{서류명} 서류가 아직 제출되지 않았습니다.

▶ 서류 제출 기한일 : #{제출기한일}

#{서류명} 서류는 #{제출기한일} 이내로 제출되어야 합니다. 기한 이내 제출되지 않을 경우 추가 신청이 불가합니다.

감사합니다.",기타,기타,"서류,제출서류,서류안내,제출안내,신청",IBWINGO3940_1656221823350,제출서류 안내
"
안녕하세요 #{수신자명}님,
출입을 위한 정보 전달드립니다.

▶ 아이디 : #{아이디}
▶ QR코드 : #{QR코드}
▶ 유효기간 : #{유효기간}
▶ 공지사항 : #{공지사항}

※ 입실하시려면 QR 코드를 인식해주세요.
※ 유효기간 내에 사용해주세요.",기타,기타,"출입,입장,출입안내,인증번호,비밀번호",IBWINGO3940_1656221857743,출입 알림
"
안녕하세요 #{수신자명}님, 
상품을 주문하는 과정에서 차액이 발생하여 결제 금액이 변동되었음을 안내해 드립니다.

▶ 상품명 : #{상품명}
▶ 변동 후 결제금액 : #{변동 후 결제금액}
▶ 차액 : #{차액}

고객님이 요청하신 결제일에 변동 후 금액이 결제됩니다. 기타 문의가 있는 경우 고객센터 또는 홈페이지에 문의해주세요.",기타,기타,"결제,결제금액,결제금액변동,금액수정,금액안내",IBWINGO3940_1656221892031,결제금액 변동 안내
"
안녕하세요 #{수신자명} 회원님,
신청하신 수강권이 지급 완료되었습니다.

수강권을 등록하시고, 주의 사항 확인 부탁드립니다.

▶ 수강권 : #{수강권}
▶ 수강권 등록 방법 : #{수강권 등록 방법}
▶ 주의 사항 : #{주의 사항}

자세한 내용은 홈페이지에서 확인해주세요.",기타,기타,"수업,수강권,강의,학원,사용등록",IBWINGO3940_1656221929854,수강권 사용 등록 완료 안내
"
안녕하세요.
알림 신청하신 #{상품명} 상품의 재고가 다시 채워져 안내해 드립니다.

▶ 상품명 : #{상품명}
▶ 신청자 : #{신청자}

해당 상품의 자세한 내용은 홈페이지에서 확인해주세요.

감사합니다.",기타,기타,"재고,입고,재입고,구매,상품,상품구매",IBWINGO3940_1656221967071,재고 안내
"
안녕하세요 #{수신자명}님,
고객님의 #{이용서비스} 가
미납으로 확인되어 연락 드립니다. 

아직 수납하지 못하셨다면
#{수납처} 로 빠른 수납 부탁드리겠습니다.

▶ 관련문의 : #{관련문의}

감사합니다.",기타,기타,"미납,미납안내,수납,리마인드,미수금",IBWINGO3940_1656053723228,미납안내
"
#{발신 스페이스}에서 제공하는
#{서비스} 사용등록이 완료되었습니다.

카톡 채팅에 참여하시고 수업에 필요한 안내를 받으세요.

자세한 내용은 아래 ""수강권 확인하기"" 버튼을 눌러주세요.",기타,기타,"수업,수강권,강의,학원,사용등록",IBWINGO3940_1642751680158,수강권 사용 등록 완료 안내
"
안녕하세요.
알림 신청하신 #{상품명} 상품 구매 가능하여 연락드렸습니다

▶상품명 : #{상품명}
▶상품 금액 : #{상품 금액}

구매 원하실 경우 아래 ""자세히보기"" 버튼을 클릭해주세요.

감사합니다.",기타,기타,"재고,입고,재입고,구매,상품,상품구매",IBWINGO3940_1643015665482,재고 안내
"
안녕하세요 #{수신자명} 고객님,
참여 신청하신 행사 입장 안내드립니다.

▶일정: #{일정}
▶장소: #{장소}

※ 해당 메시지는 고객님의 알림 신청에 의해 발송되는 일회성 메시지입니다.",기타,기타,"행사,이벤트,고객안내,공지,알림,참여,일정안내,장소안내",IBWINGO3940_1642751733148,행사 안내
"
#{수신자명}님,
신청하신 정산 내용을 확인해 주세요.

▶정산 신청 금액: #{정산 신청 금액} 원
▶정산 신청일: #{정산 신청일}

감사합니다.",기타,기타,"정산,요금,납부,정산신청,정산안내,신청,신청안내,요금안내",IBWINGO3940_1642751850875,정산 신청 완료
"
#{수신자명}님,
광고캠페인이 진행 중입니다.

▶광고 이름: #{광고 이름}
▶금액: #{금액}원

* 해당 캠페인 오픈 알림 메시지는 고객님의 신청에 의해 발송됩니다.",기타,기타,"광고,캠페인,이벤트,행사,요금,오픈안내,광고안내,이벤트안내",IBWINGO3940_1642751962331,광고캠페인 오픈
"
#{수신자명}님,
신청하신 광고캠페인은
검토 결과 진행이 거절되었습니다

▶광고: #{광고}
▶거절 이유: #{거절 이유}

다른 제안이 들어올 수 있도록
광고를 먼저 찜 해보세요.",기타,기타,"광고,캠페인,이벤트,행사,요금,취소,취소안내,광고취소",IBWINGO3940_1642753303230,광고캠페인 진행 불가 안내
"
#{수신자명}님,
신청하신 광고캠페인이
검토를 마치고 승인되었습니다.

▶광고: #{광고}
▶금액: #{금액} 원
▶진행 기간: #{진행 기간}

감사합니다.",기타,기타,"광고,캠페인,이벤트,행사,요금,신청승인,승인,신청,광고승인",IBWINGO3940_1642753347509,광고캠페인 승인 완료
"
안녕하세요 #{수신자명} 고객님,

바쁘신 중에도 전화 상담 만족도 설문에 의견을 주셔서 감사드립니다.

고객님께서 주신 소중한 의견은 꼼꼼하게 검토한 후 적극 반영하겠습니다.

불편 드린 점은 빠른 시일 내에 개선하고 만족스러운 서비스를 제공하는 #{발신 스페이스}가 되겠습니다.

감사합니다.",기타,기타,"만족도,설문,설문조사,고객만족도,감사인사,전화상담,상담만족도,만족도조사,리뷰,후기",IBWINGO3940_1642753429716,상담 만족도 참여 감사
"
안녕하세요 #{수신자명}고객님,

최근에 경험하신 #{서비스} 전화 상담은 만족하셨나요?

아래 ‘바로 가기‘를 통해 만족도 설문조사에 응답해 주시면 감사하겠습니다.

응답 내용은 보다 나은 상담 서비스 제공을 위한 목적으로만 이용됩니다.

전화 상담 만족도 설문 참여 바로 가기
▶#{만족도 설문링크}",기타,기타,"상담,전화상담,만족도,고객만족도,설문조사,상담만족도,만족도조사,리뷰,후기",IBWINGO3940_1642753474653,전화 상담 만족도 안내
"
안녕하세요 #{수신자명}님,
고객님의 #{이용료} 가
미납으로 확인되어 연락 드립니다. 

아직 수납하지 못하셨다면
#{수납처} 로 빠른 수납 부탁드리겠습니다.

▶ 관련문의 : #{관련문의}

감사합니다.",기타,기타,"미납,미납안내,수납,리마인드,미수금",IBWINGO202_1638780271397,미납안내
"
안녕하세요 #{수신자명}님,
추가 제출서류 안내 드립니다. 

#{심사명} 심사를 위해서는 #{제한일자} 까지  #{필요서류} 제출이 필요합니다.
서류를 기한 내 제출하지 않으면 신청 접수가 자동 취소됩니다.
※ 관련한 문의는 연락 바랍니다.

감사합니다.",기타,기타,"서류,제출서류,서류안내,제출안내,신청",IBWINGO202_1638780311913,제출서류 안내
"
안녕하세요 #{수신자명}님,
귀사(#{회사명})의 세금환급액은 약 #{환급액}원입니다.

귀사의 계좌에 입금이 안 된 경우, 국세청 계좌등록이 안되어 있으신 경우라, 세무서에서 환급통지서로 발송이 되어 환급받으실 수 있으니 통지서 확인 부탁드립니다.

감사합니다.",기타,기타,"환급액,환급액안내,세금",IBWINGO202_1638780343487,환급액 안내
"
안녕하세요 #{수신자명}님,
#{발신 스페이스} 출입을 위한 정보 전달드립니다.

▶ 유효기간 : #{유효기간}
▶ 이용번호 : #{이용번호}
▶ 비밀번호 : #{비밀번호}

감사합니다.",기타,기타,"출입,입장,출입안내,인증번호,비밀번호",IBWINGO202_1638780371788,출입 알림
"
안녕하세요 #{수신자명}님, 
결제금액에 변동사항이 발생하여 안내드립니다.

▶ 상품명: #{상품명}
▶ 변동 후 결제금액: #{변동 후 결제금액}
▶ 사유: #{사유}

고객님이 설정하신 결제예정일에 변동 후 금액이 결제됩니다.
이를 원하지 않을 시 상담원 연결을 통해 알려주세요.
자세한 내용은 아래 버튼을 클릭하세요.",기타,기타,"결제,결제금액,결제금액변동,금액수정,금액안내",IBWINGO202_1638780413028,결제금액 변동 안내
"
#{수신자명}님께서 신청하신 환불이 완료 처리되었습니다.

▶ 주문 번호 : #{주문 번호}
▶ 취소 상품 : #{취소 상품}
▶ 환불 금액 : #{환불 금액}

취소일로부터 2~7일 이내 결제 수단으로 승인 취소 확인이 가능하며 카드 결제일에 따라 카드사를 통해 환불됩니다..

관련하여 궁금하신 부분이나 자세한 사항을 확인하시고 싶으신 경우 홈페이지 또는 고객센터로 문의주세요.",구매,구매취소,"환불,환불안내,구매취소,취소,주문취소",IBWINGO3940_1656295901041,환불 안내
"
안녕하세요 #{수신자명}님,
재입고 알림 신청하신 제품이 입고되었습니다.

▶ 신청 일자 : #{신청 일자}
▶ 제품명 : #{제품명}

현재 구매가 가능한 상품이니 확인 부탁드립니다.
감사합니다.",구매,구매예약/입고알림,"재입고,주문,구매,리마인드,재입고알림",IBWINGO3940_1656223629227,재입고 알림
"
안녕하세요. #{수신자명}님,
#{발신 스페이스} 멤버십에 가입 완료되었습니다.

▶ 멤버십 : #{멤버십}
▶ 가입일 : #{가입일}
▶ 멤버십 혜택 안내 : #{멤버십 혜택 안내}

언제든 궁금한 사항이 있다면 홈페이지에 문의해주세요.

감사합니다.",구매,상품가입,"멤버십,가입,서비스,구매,상품가입",IBWINGO3940_1656223692051,멤버십 가입 완료
"
안녕하세요 #{수신자명} 고객님, 
기다리시던 상품의 재입고 소식을 알려드립니다!
입고 수량이 한정되어 품절될 수 있습니다.

▶ 신청 상품명 : #{신청 상품명}

자세한 상품은 홈페이지에서 확인해주세요.

※ 이 메시지는 재입고 알림을 신청하신 회원님들께 발송되는 메시지입니다.",구매,구매예약/입고알림,"재입고,입고,주문,재입고알림,상품,사전등록,구매,주문",IBWINGO3940_1656223741481,재입고 알림
"
안녕하세요 고객님.
주문하신 음식의 배달이 완료되었습니다.

음식이 마음에 드셨다면 후기를 남겨주시는 것은 어떠세요?

고객님께서 만족하실 수 있는 서비스를 제공하도록 노력하겠습니다.

받으신 음식과 서비스에 문제가 있으시면 고객센터에 말씀해주세요.
빠르게 해결하도록 하겠습니다.

감사합니다.",구매,구매완료,"배달,배송,음식,배달음식,배달안내,안내",IBWINGO3940_1656223931951,배달 안내
"
안녕하세요 #{수신자명}님,
배달이 취소되었습니다.
취소된 내역을 확인하시고 본인이 주문하시지 않은 경우 연락 부탁드립니다.

▶ 주문 일시 : #{주문 일시}
▶ 주문 내역 : #{주문 내역}
▶ 취소 내역 : #{취소 내역}

다시 주문을 하시려면 아래 ""주문하기"" 를 눌러주세요.",구매,구매취소,"배달,배송,음식,배달음식,배달안내,안내,취소,배달취소,주문취소",IBWINGO3940_1656223976832,배달 취소 안내
"
#{수신자명} 고객님, 주문하신 상품이 갑자기 품절되어 연락 드립니다.

▶ 상품명 : #{상품명}
▶ 주문내역 : #{주문내역}

다른 상품으로 교환 또는 환불 처리 도와드리도록 하겠습니다.
어떤 처리를 원하시는지 연락 부탁드립니다.
번거롭게 해드려 죄송합니다.

▶ 고객센터 : #{고객센터}",구매,구매취소,"구매,품절,배송,취소,배송취소,구매취소",IBWINGO3940_1656224018793,품절 취소 안내
"
안녕하세요. #{수신자명}님!
결제가 완료되었습니다.

▶ 주문 상품 : #{주문 상품}
▶ 주문 번호 : #{주문 번호}
▶ 금액 : #{금액}

배송이 시작되면 알려드리겠습니다.
감사합니다.",구매,구매완료,"주문,구매,주문완료,구매완료,상품,주문번호,결제,결제완료",IBWINGO3940_1656224059698,결제 완료
"
안녕하세요 #{수신자명}님,
반품 신청이 #{반품신청 상태} 되었습니다.

▶ 수거예정일 : #{수거예정일}
▶ 상품정보 : #{상품정보}
▶ 수거지 주소 : #{수거지 주소}

※ 환불 안내 : 상품 수거 후 결제 취소 예정

감사합니다.",구매,구매취소,"교환,환불,취소,구매취소,결제취소,취소사유,거절사유,거절,반품,반품접수",IBWINGO3940_1656224111719,반품 접수 완료 안내
"
안녕하세요 #{수신자명}님,
주문내역을 알려드립니다. 

▶ 주문번호 : #{주문번호}
▶ 주문일시 : #{주문일시}
▶ 주문상품 : #{주문상품}

아래 버튼을 클릭하시면 상세한 주문내역을 확인하실 수 있습니다.",구매,진행상태,"주문,주문내역,구매,구매내역,구매완료",IBWINGO3940_1656053746952,주문 내역 안내
"
안녕하세요 #{수신자명}님,
고객님의 입금이 확인 되었습니다.
감사합니다.",구매,진행상태,"입금,입금확인,구매,진행상태,납부",IBWINGO3940_1656053836360,입금 확인
"
안녕하세요 #{수신자명}님,
주문해주셔서 감사합니다.

고객님의 소중한 주문이 정상 접수되어 #{도착 예정시간} 내외로 도착할 예정입니다.

▶주문일시 : #{주문일시}
▶주문내역 : #{주문내역}
▶배달주소 : #{배달주소}

※ 교통 및 기상 상황에 따라 도착시간이 달라질 수 있습니다. 안전한 배달을 약속드릴 테니 조금만 기다려주세요.",구매,구매완료,"배달,배송,음식,배달음식,배달안내,안내",IBWINGO3940_1655974642562,배달 안내
"
안녕하세요 #{수신자명}님,
배달 주문 취소가 완료되었습니다.

▶주문일시 : #{주문일시}
▶주문내역 : #{주문내역}

다시 주문을 하시려면 아래 ""주문하기"" 를 눌러주세요.",구매,구매취소,"배달,배송,음식,배달음식,배달안내,안내,취소,배달취소,주문취소",IBWINGO3940_1655974738351,배달 취소 안내
"
배달이 완료되었습니다.
감사합니다.

▶ 주문내역 : #{주문내역}
▶ 주문번호 : #{주문번호}
▶ 배달주소 : #{배달주소}

맛있게 드시고, 다음에 또 이용해주세요.",구매,구매완료,"배달,배송,음식,배달음식,배달안내,안내,완료,배달완료",IBWINGO3940_1655974827761,배달 완료
"
안녕하세요. #{수신자명}님,
수강신청 및 결제가 완료되었습니다.

<수강 신청 내역>

▶ 수업과목 : #{수업과목}
▶ 수업일시 : #{수업일시}
▶ 수업기간 : #{수업기간}

감사합니다.",구매,구매완료,"수업,수강,보강,강의,학원,학교,교육,보강안내,수강신청,신청",IBWINGO3940_1655974885674,수강 신청 결제 완료 안내
"
안녕하세요 #{수신자명}님,
주문하신 상품이 품절로 출고가 불가하여 취소 안내드립니다.

▶ 상품명 : #{상품명}
▶ 주문번호 : #{주문번호}
▶ 취소금액 : #{취소금액}
▶ 취소사유 : 상품 품절

이용에 불편을 드려 죄송합니다.",구매,구매취소,"구매,품절,배송,취소,배송취소,구매취소",IBWINGO3940_1655975014824,품절 취소 안내
"
안녕하세요 고객님,
주문하신 상품이 품절로 인해 상품 발송이 불가하여, 부득이하게 주문취소 및 환불 예정입니다.

* 주문번호 : #{주문번호}
* 주문 사이트 : #{주문사이트}
* 주문상품 : #{주문상품}

이용에 불편을 드려 대단히 죄송합니다.
고객님의 너그러운 양해 부탁드립니다.",구매,구매취소,"구매,품절,배송,취소,배송취소,구매취소",IBWINGO3940_1655975052534,품절 취소 안내
"
안녕하세요. #{수신자명}님!
#{수신자명}님의 소중한 주문 안내드립니다.

▶ 날짜 : #{날짜}
▶ 주문번호 : #{주문번호}
▶ 금액 : #{금액}

감사합니다. 좋은 하루 되세요.",구매,구매완료,"주문,구매,주문완료,구매완료,상품,주문번호,결제,결제완료",IBWINGO3940_1655975091728,주문 안내
"
안녕하세요. #{수신자명}님!
결제 완료되었습니다.

▶ 날짜 : #{날짜}
▶ 주문번호 : #{주문번호}

#{발신 스페이스}을(를) 사랑해주셔서 감사합니다.",구매,구매완료,"주문,구매,주문완료,구매완료,상품,주문번호,결제,결제완료",IBWINGO3940_1655975231319,결제 완료
"
안녕하세요. #{수신자명}님.

요청하신 취소 및 반품/교환 접수가 완료되었습니다.

▶ ID : #{ID}
▶ 요청일 : #{요청일}

다음에는 더 좋은 상품으로 보답해드리겠습니다.",구매,구매취소,"구매,구매취소,취소,주문취소,취소알림,결제취소,교환,반품",IBWINGO3940_1655975311621,주문 취소 안내
"
안녕하세요. #{수신자명} 고객님, #{발신 스페이스}입니다.

고객님께서 구매하신 상품은 #{제한 요인} 상품으로 단순 변심으로 인한 교환/환불이 불가합니다.

제품 이상으로 인한 교환/환불은 가능하며, 문의 주시면 해결해드리겠습니다.

감사합니다.",구매,진행상태,"교환,환불,취소,구매취소,결제취소,불가",IBWINGO3940_1655975643846,교환/환불 안내
"
안녕하세요 #{수신자명}님,
진행하셨던 주문이 정상적으로 완료되지 않았습니다.

주문을 완료하시면,
영업일 내 #{배송 예정일} 안에 수령이 가능합니다.

주문 문의가 있으실 경우 홈페이지에 문의해주세요.",구매,진행상태,"주문,장바구니,주문안내,결제안내,구매안내,구매요청,요청,구매유도,유도",IBWINGO3940_1655976077725,주문 확인 안내
"
안녕하세요 #{수신자명}님,
결제 시도하신 주문 건이 실패하여 안내 드립니다.

▶ 주문번호 : #{주문번호}
▶ 실패사유 : #{실패사유}

자세한 내용은 홈페이지 결제내역에서 확인해주세요.",구매,진행상태,"결제,주문,구매,실패,취소,결제실패,구매실패,주문실패",IBWINGO3940_1655976289174,결제 실패
"
안녕하세요 #{수신자명}님,
고객님께서 주문하신 #{상품명} 상품이 준비되었습니다.
방문하여 수령해주시기 바랍니다.

주문 내역은 홈페이지에서 확인해주세요.

감사합니다.",구매,진행상태,"입고,재입고,주문,상품,준비완료,입고완료",IBWINGO3940_1655976365393,입고 완료 안내
"
안녕하세요, #{수신자명}님.
고객님의 주문이 정상적으로 접수되었습니다.

주문하신 상품은 입금이 완료되는대로 최대한 빠르게 발송하겠습니다.

▶ 입금금액 : #{입금금액}
▶ 예금주명 : #{예금주명}
▶ 입금계좌 / 은행명명 : #{입금계좌 / 은행명명}

주문 후 입금 내역이 확인되지 않을 경우, 주문이 자동 취소됩니다.
감사합니다.",구매,진행상태,"입금,주문,결제,구매,입금안내,주문내역,결제안내",IBWINGO3940_1655976402386,주문 완료
"
안녕하세요 #{수신자명}님,
주문 건에 대한 취소/반품 요청이 거절되었습니다.

▶ 주문번호 : #{주문번호}
▶ 상품명 : #{상품명}
▶ 취소/반품 거절 사유 : #{취소/반품 거절 사유}

상세사유는 홈페이지에서 확인해주세요.
감사합니다.",구매,진행상태,"교환,환불,취소,구매취소,결제취소,취소사유,거절사유,거절",IBWINGO3940_1655976530323,취소/반품 거절 안내
"
안녕하세요 #{수신자명}고객님,
요청하신 반품이 정상적으로 접수되었습니다.

반품 상품 수거는 #{소요일}일 정도 소요되며, 상품은 포장 후 반송 부탁드립니다.
사용흔적/누락 등이 확인될 경우 반품이 거절될 수 있습니다.

감사합니다.",구매,구매취소,"교환,환불,취소,구매취소,결제취소,취소사유,거절사유,거절,반품,반품접수",IBWINGO3940_1655976628986,반품 접수 완료 안내
"
안녕하세요 #{수신자명}고객님,
주문하신 상품의 입금이 확인되었습니다.

▶ 주문상품 : #{주문상품}
▶ 주문번호 : #{주문번호}

기다리시는 상품 최대한 빠르게 준비하겠습니다.
감사합니다.",구매,구매완료,"입금,결제,주문,완료,주문완료,입금완료,결제완료,구매완료,구매,배송,제품",IBWINGO3940_1655976663587,입금 완료
"
안녕하세요. #{수신자명}님
멤버십에 가입해주셔서 감사합니다.

언제든 궁금한 사항이 있다면 고객센터 > 1:1 문의에 남겨주세요.
빠르게 답변드리겠습니다.

감사합니다.",구매,상품가입,"멤버십,가입,서비스,구매,상품가입",IBWINGO3940_1642987764333,멤버십 가입 완료
"
안녕하세요, #{수신자명}님.
#{발신 스페이스} 보험 가입이 완료되었습니다.

▶보험명: #{보험명}
▶피보험 : #{피보험}

가입한 보험의 상세 내용은 보험 가입내역에서 확인하실 수 있습니다.",구매,상품가입,"보험,가입,서비스,상품가입,보험안내",IBWINGO3940_1642987801780,보험 가입 안내
"
#{수신자명} 고객님,
#{발신 스페이스} 가입에 감사드립니다.
앞으로 더욱 나은 서비스 제공을 위해 노력하겠습니다.
고객님께서 가입하신 #{서비스}의 상품설명서는 #{확인처} 에서 확인 가능합니다.

확인 후 문의사항이 있으시면 고객센터로 연락주세요. 감사합니다.",구매,상품가입,"상품가입,상품,가입,서비스,구매,제품가입,가입안내,서비스안내,상품안내",IBWINGO3940_1643015337275,상품 가입 안내
"
안녕하세요 #{수신자명} 고객님,
#{상품명} 정기배송이 정상 접수되었습니다.
앞으로 #{배송기간}개월간 매달 고객님을 위하여 프로그램을 준비해드리겠습니다.

감사합니다.",구매,상품가입,"정기결제,정기상품,가입,상품가입,서비스가입,서비스결제",IBWINGO3940_1642987899693,정기 배송 신청 완료
"
#{수신자명}님,
새로운 경험을 전해드리는 
#{발신 스페이스} 입니다!

#{수신자명}님께서 신청하신 새로운 샘플이 입고되었습니다.

▶샘플: #{샘플}

지금 바로 이용해 보세요!",구매,구매예약/입고알림,"예약,구매,재입고,입고,사전등록,샘플",IBWINGO3940_1642987934862,샘플 입고 안내
"
안녕하세요 #{수신자명} 님, 
#{강의명} 결제 신청이 완료되었습니다.

공부를 시작하고자 결심한 지금 이 마음가짐이 변치 않도록 아래 입금기한까지 수강료 납부 후 학습을 시작하세요.

▶입금금액: #{입금금액}원
▶입금계좌: #{입금계좌}

감사합니다.",구매,구매예약/입고알림,"학원,수업,강의,수강,수강연장,선생님,수업신청,수강신청,강의신청,학원등록,등록",IBWINGO3940_1642987967069,수강 연장 신청 안내
"
고객님께서 사전 구매 신청하신 #{상품명}이 재고 부족으로 마감되었습니다.

사전 구매 신청 인원이 많아 구매 마감되어 죄송합니다.

* 해당 메시지는 고객의 신청으로 발송되는 1회성 메시지입니다.",구매,구매예약/입고알림,"구매마감,구매,입고,재입고,주문",IBWINGO3940_1642988001011,구매 마감 알림
"
안녕하세요 #{수신자명} 고객님, 
기다리시던 상품의 재입고 소식을 알려드립니다!
입고 수량이 한정되어 품절될 수 있습니다.

▶신청상품명: #{신청상품명}

아래 ""자세히보기"" 버튼을 클릭하시면 상품 정보를 보실 수 있습니다.",구매,구매예약/입고알림,"재입고,입고,주문,재입고알림,상품,사전등록,구매,주문",IBWINGO3940_1643015350827,재입고 알림
"
안녕하세요. #{수신자명}님. 
고객님께서 재입고 알림을 신청해주셨던 일시 품절 #{상품명} 상품이 재입고 되었습니다.

사이트 방문하셔서 확인해보시길 바랍니다. 
감사합니다.",구매,구매예약/입고알림,"재입고,입고,주문,재입고알림,상품,사전등록,구매,주문",IBWINGO3940_1643015364186,재입고 알림
"
재입고 시 알림을 요청하신 #{상품명}이(가) 재입고 되었습니다.

구매 예약을 하시면 더 빠르게 받아보실 수 있으니 빨리 구경하세요!

[상품페이지 바로가기]",구매,구매예약/입고알림,"재입고,입고,주문,재입고알림,상품,사전등록,구매,주문",IBWINGO3940_1643015379996,재입고 알림
"
안녕하세요 #{수신자명}님,
상품가입이 완료되었습니다.

▶상품명: #{상품명}
▶가입자: #{가입자}

* 가입증명서는 이메일을 확인해주세요.
* 문의가 있으실 경우 아래 버튼을 클릭해주세요.",구매,구매예약/입고알림,"상품가입,상품,가입,서비스,구매,제품가입",IBWINGO3940_1643015391018,상품 가입 안내
"
안녕하세요 #{수신자명}님,
고객님의 입금이 확인 되었습니다.
감사합니다.",구매,진행상태,"입금,입금확인,구매,진행상태,납부",IBWINGO202_1638850398426,입금 확인
"
안녕하세요 #{수신자명}님,
주문해 주셔서 감사합니다.
주문하신 상품은 2~3일 정도 소요됩니다.

산간/도서 지역은 배송일이 추가적으로 소요될 수 있으며
상품의 재고 상황에따라 배송일이 다소 지연될 수 있으니 이점 양해하여주시기 바랍니다.

주문하신 상품의 재고 사정에 따라 주문 수량이 품절될 수 있으며, 
품절 시 빠르게 확인하여 고객님께 안내드리겠습니다.

감사합니다.",구매,구매완료,"주문,주문완료,구매,구매완료,구매안내",IBWINGO202_1638850454092,주문 완료 안내
"
안녕하세요 #{수신자명}님,
주문내역을 알려드립니다. 

▶ 주문번호 : #{주문번호}
▶ 주문일시 : #{주문일시}
▶ 주문상품 : #{주문상품}

아래 버튼을 클릭하시면 상세한 주문내역을 확인하실 수 있습니다.",구매,진행상태,"주문,주문내역,구매,구매내역,구매완료",IBWINGO202_1638850493234,주문 내역 안내
"
안녕하세요 #{수신자명}님,
주문이 정상적으로 취소 되었습니다. 

▶ 주문번호 : #{주문번호}
▶ 취소일시 : #{취소일시}
▶ 취소상품 : #{취소상품}

아래 버튼을 클릭하시면 상세한 취소내역을 확인하실 수 있습니다.",구매,구매취소,"주문,주문취소,취소,주문내역,구매취소",IBWINGO202_1638850536536,주문 최소 안내
"
안녕하세요 #{수신자명}님,
주문서가 도착했습니다.
확인하시려면 아래 링크를 눌러주세요.",구매,구매완료,"주문서도착,주문,구매,구매완료,구매내역",IBWINGO202_1638850932093,주문서 도착 알림
"
안녕하세요 #{수신자명}님,
#{서비스}서비스가 해지되었습니다.

그동안 #{발신 스페이스}를 이용해 주셔서 감사합니다.",구매,진행상태,"서비스,서비스해지,해지,서비스안내,구매",IBWINGO202_1638850958994,서비스 해지 안내
"
안녕하세요 #{수신자명}님,
고객님이 구매하신 상품이 환불처리되었습니다.

▶ 환불내역
#{환불내역}

아래 버튼을 클릭하시면 상세한 환불내역을 확인하실 수 있습니다.",구매,구매취소,"환불,환불안내,구매취소,취소,주문취소",IBWINGO202_1638850996171,환불 안내
"
안녕하세요 #{수신자명}님, 
현재 고객님이 주문해주신 상품의 주문량이 많아 입고가 늦어지고 있습니다.
가능한 빠르게 고객님에게 전달될 수 있도록 노력하겠습니다.

쇼핑에 불편을 드려 죄송합니다.",구매,진행상태,"주문,지연,주문지연,상태,지체",IBWINGO202_1638851026618,주문 지연 안내
"
안녕하세요 #{수신자명}님,
고객님의 주문(주문번호:#{주문번호})이의 환불 처리가 완료되었습니다.
(환불금액:#{환불금액}원)",구매,구매취소,"환불,환불안내,구매취소,취소,주문취소",IBWINGO202_1638851062172,환불 처리 완료 안내
"
안녕하세요 #{수신자명}님,
구매하신 상품의 구매확정을 요청드립니다.
아래 기한이 지날 경우, 자동으로 구매가 확정됩니다.

주문상품 : #{주문상품}
결제금액 : #{결제금액} 원
주문번호 : #{주문번호}",구매,구매완료,"구매,구매완료,확정,구매내역,주문내역",IBWINGO202_1638851100458,구매 확정 요청
"
안녕하세요 #{수신자명}님,
구매하신 상품의 구매확정이 완료되었습니다.

주문상품 : #{주문상품}
구매확정일 : #{구매확정일}",구매,구매완료,"구매,구매완료,확정,구매내역,주문내역",IBWINGO202_1638851134028,구매 확정 완료 안내
"
안녕하세요 #{수신자명}님,
#{발신 스페이스}의 #{상품}상품 가입을 해주셔서 진심으로 감사 드립니다.

가입하신 상품의 주요 내용을 확인하시려면 아래 버튼을 클릭해 주세요.",구매,상품가입,"상품,서비스,가입,상품가입,서비스가입",IBWINGO202_1638851192158,상품 가입 감사 인사
"
안녕하세요 #{수신자명}님,
고객님 기다리시던 상품의 재입고 소식을 알려드립니다!
입고 수량이 한정되어 품절될 수 있으니 구매를 서둘러주세요!

신청상품명 : #{신청상품명}",구매,구매예약/입고알림,"재입고,주문,구매,리마인드,재입고알림",IBWINGO202_1638851224236,재입고 알림
"
안녕하세요 #{수신자명}님,
기다리시던 #{상품} 상품의 사전 예약이 시작되었습니다. 늦기 전에 놓치지말고 신청하세요!

아래 버튼을 클릭하시면 신청하실 수 있습니다.",구매,구매예약/입고알림,"사전구매,예약,입고,구매예약,사전예약",IBWINGO202_1638851260901,사전 구매 예약
"
안녕하세요 #{수신자명}님,
정기구독 안내 드립니다.

상품명 : #{상품명}
상품가격 : #{상품가격}
결제예정일 : #{결제예정일}

위 내용으로 정기구독 결제 및 배송이 진행될 예정입니다.

감사합니다.",구매,상품가입,"정기,구독,리마인드,가입,결제안내",IBWINGO202_1638851293059,정기구독 결제 안내
"
안녕하세요 #{수신자명}님,
고객님의 자동 결제 설정이 완료되었습니다.

충전 방식 : 월 정기 결제
시작 일시 : #{시작 일시} 
설정 금액 : #{설정금액}원
다음 예상 결제일 : #{다음예상결제일}

결제를 취소하시려면 아래 버튼을 클릭해주세요.",구매,상품가입,"자동충전,충전,결제,정기결제,가입",IBWINGO202_1638851327581,자동 결제 정보 등록 완료
"
안녕하세요 #{수신자명}님,
고객님의 자동 결제가 실행되었습니다.

충전 방식 : 월 정기 결제
시작 일시 : #{시작 일시}
충전 금액 : #{충전금액}원
다음 예상 결제일 : #{다음예상결제일}

결제를 취소하시려면 아래 버튼을 클릭해 주세요.",구매,상품가입,"자동충전,충전,결제,정기결제,결제완료",IBWINGO202_1638851385924,자동 결제 안내