,템플릿 코드,템플릿 이름,템플릿 내용,카테고리,서브카테고리,제안 버튼명
,JOBER0411_1655976365393,입고 완료 안내,"안녕하세요 #{수신자명}님,
 고객님께서 주문하신 #{상품명} 상품이 준비되었습니다.
 방문하여 수령해주시기 바랍니다.
 
 주문 내역은 홈페이지에서 확인해주세요.
 
 감사합니다.",구매,구매완료,확인하기
,JOBER0411_1655976663587,입금 완료,"안녕하세요 #{수신자명}고객님,
 주문하신 상품의 입금이 확인되었습니다.
 
 ▶ 주문상품 : #{주문상품}
 ▶ 주문번호 : #{주문번호}
 
 기다리시는 상품 최대한 빠르게 준비하겠습니다.
 감사합니다.",구매,구매완료,확인하기
,JOBER0411_1638851192158,상품 가입 감사 인사,"안녕하세요 #{수신자명}님,
 #{상품}상품 가입을 해주셔서 진심으로 감사 드립니다.
 
 가입하신 상품의 주요 내용을 확인하시려면 아래 버튼을 클릭해 주세요.",구매,상품가입,확인하기
,JOBER0411_1638851293059,정기구독 결제 안내,"안녕하세요 #{수신자명}님,
 정기구독 안내 드립니다.
 
 상품명 : #{상품명}
 상품가격 : #{상품가격}
 결제예정일 : #{결제예정일}
 
 위 내용으로 정기구독 결제 및 배송이 진행될 예정입니다.
 
 감사합니다.",구매,상품가입,결제하기
,JOBER0411_1638851134028,구매 확정 완료 안내,"안녕하세요 #{수신자명}님,
 구매하신 상품의 구매확정이 완료되었습니다.
 
 주문상품 : #{주문상품}
 구매확정일 : #{구매확정일}",구매,구매완료,자세히보기
,JOBER0411_1638851062172,환불 처리 완료 안내,"안녕하세요 #{수신자명}님,
 고객님의 주문(주문번호:#{주문번호})이의 환불 처리가 완료되었습니다.
 (환불금액:#{환불금액}원)",구매,구매완료,자세히보기
,JOBER0411_1638850536536,주문 최소 안내,"안녕하세요 #{수신자명}님,
 주문이 정상적으로 취소 되었습니다. 
 
 ▶ 주문번호 : #{주문번호}
 ▶ 취소일시 : #{취소일시}
 ▶ 취소상품 : #{취소상품}
 
 아래 버튼을 클릭하시면 상세한 취소내역을 확인하실 수 있습니다.",구매,구매취소,확인하기
,JOBER0411_1642988001011,구매 마감 알림,"사전 구매 신청하신 #{상품명}이 재고 부족으로 마감되었습니다.
 
 사전 구매 신청 인원이 많아 구매 마감되어 죄송합니다.
 
 * 해당 메시지는 고객의 신청으로 발송되는 1회성 메시지입니다.",구매,구매취소,신청하기
,JOBER0411_1655975091728,주문 안내,"안녕하세요. #{수신자명}님!
 #{수신자명}님의 소중한 주문 안내드립니다.
 
 ▶ 날짜 : #{날짜}
 ▶ 주문번호 : #{주문번호}
 ▶ 금액 : #{금액}
 
 감사합니다. 좋은 하루 되세요.",구매,구매완료,자세히보기
,JOBER0411_1655975643846,교환/환불 안내,"안녕하세요. #{수신자명} 고객님, 입니다.
 
 고객님께서 구매하신 상품은 #{제한 요인} 상품으로 단순 변심으로 인한 교환/환불이 불가합니다.
 
 제품 이상으로 인한 교환/환불은 가능하며, 문의 주시면 해결해드리겠습니다.
 
 감사합니다.",구매,구매완료,자세히보기
,JOBER0411_1655976402386,주문 완료,"안녕하세요, #{수신자명}님.
 고객님의 주문이 정상적으로 접수되었습니다.
 
 주문하신 상품은 입금이 완료되는대로 최대한 빠르게 발송하겠습니다.
 
 ▶ 입금금액 : #{입금금액}
 ▶ 예금주명 : #{예금주명}
 ▶ 입금계좌 / 은행명명 : #{입금계좌 / 은행명명}
 
 주문 후 입금 내역이 확인되지 않을 경우, 주문이 자동 취소됩니다.
 감사합니다.",구매,구매완료,확인하기
,JOBER0411_1655976530323,취소/반품 거절 안내,"안녕하세요 #{수신자명}님,
 주문 건에 대한 취소/반품 요청이 거절되었습니다.
 
 ▶ 주문번호 : #{주문번호}
 ▶ 상품명 : #{상품명}
 ▶ 취소/반품 거절 사유 : #{취소/반품 거절 사유}
 
 상세사유는 홈페이지에서 확인해주세요.
 감사합니다.",구매,구매취소,확인하기
,JOBER0411_1656053746952,주문 내역 안내,"안녕하세요 #{수신자명}님,
 주문내역을 알려드립니다. 
 
 ▶ 주문번호 : #{주문번호}
 ▶ 주문일시 : #{주문일시}
 ▶ 주문상품 : #{주문상품}
 
 아래 버튼을 클릭하시면 상세한 주문내역을 확인하실 수 있습니다.",구매,구매완료,확인하기
,JOBER0411_1656224018793,품절 취소 안내,"#{수신자명} 고객님, 주문하신 상품이 갑자기 품절되어 연락 드립니다.
 
 ▶ 상품명 : #{상품명}
 ▶ 주문내역 : #{주문내역}
 
 다른 상품으로 교환 또는 환불 처리 도와드리도록 하겠습니다.
 어떤 처리를 원하시는지 연락 부탁드립니다.
 번거롭게 해드려 죄송합니다.
 
 ▶ 고객센터 : #{고객센터}",구매,구매취소,확인하기
,JOBER0411_1656295901041,환불 안내,"#{수신자명}님께서 신청하신 환불이 완료 처리되었습니다.
 
 ▶ 주문 번호 : #{주문 번호}
 ▶ 취소 상품 : #{취소 상품}
 ▶ 환불 금액 : #{환불 금액}
 
 취소일로부터 2~7일 이내 결제 수단으로 승인 취소 확인이 가능하며 카드 결제일에 따라 카드사를 통해 환불됩니다..
 
 관련하여 궁금하신 부분이나 자세한 사항을 확인하시고 싶으신 경우 홈페이지 또는 고객센터로 문의주세요.",구매,구매취소,확인하기
,JOBER0411_1656221892031,결제금액 변동 안내,"안녕하세요 #{수신자명}님, 
 상품을 주문하는 과정에서 차액이 발생하여 결제 금액이 변동되었음을 안내해 드립니다.
 
 ▶ 상품명 : #{상품명}
 ▶ 변동 후 결제금액 : #{변동 후 결제금액}
 ▶ 차액 : #{차액}
 
 고객님이 요청하신 결제일에 변동 후 금액이 결제됩니다. 기타 문의가 있는 경우 고객센터 또는 홈페이지에 문의해주세요.",구매,구매완료,결제하기
,JOBER0411_1656221967071,재고 안내,"안녕하세요.
 알림 신청하신 상품의 재고가 다시 채워져 안내해 드립니다.
 
 ▶ 상품명 : #{상품명}
 ▶ 신청자 : #{신청자}
 
 해당 상품의 자세한 내용은 홈페이지에서 확인해주세요.
 
 감사합니다.",구매,구매완료,확인하기
,JOBER0411_1655978266581,구매 확정 요청,"안녕하세요 #{수신자명}고객님,
 입니다.
 
 주문하신 상품 배송이 완료되었습니다.
 
 ▶ 상품명 : #{상품명}
 ▶ 주문번호 : #{주문번호}
 
 배송 받으신 상품이 마음에 드셨다면 지금 바로 구매 확정해주세요.
 구매 확정을 해주시면 추가 혜택이 지급됩니다.
 자세한 내용은 홈페이지에서 확인해주세요.",구매,구매완료,확인하기
,JOBER0411_1656053916450,배송 출고 안내,"안녕하세요. #{수신자명}님께서 구매하신 #{상품명}}(이)가 금일 배송출고 되었습니다.
 
 ▶배송업체: #{배송업체}
 ▶운송장번호: #{운송장번호}
 
 구매해 주셔서 감사합니다.",구매,구매완료,자세히보기
,JOBER0411_1655977794431,리뷰 작성 요청,"#{수신자명}님, 안녕하세요.
 #{발신 스페이스}입니다.
 
 구매하신 상품은 마음에 드셨나요?
 #{발신 스페이스}에서 구매해 주셔서 감사합니다.
 
 #{발신 스페이스}에서는 고객님의 소중한 후기를 기다리고 있습니다.
 구매하신 상품에 대한 리뷰를 작성해주세요.
 
 감사합니다.",구매,구매완료,후기작성
,JOBER0411_1642743931659,배송 요청,"주문이 #{주문건수}건 접수되었습니다.
 주문 배송처리를 해주세요.",구매,구매완료,신청하기
,JOBER0411_1656305210642,혜택 안내,"안녕하세요 #{수신자명}님,
 #{수신자명}님께서 제품을 구매하시면서 신청하신 혜택이 도착했습니다!
 혜택을 확인하시고 이용해보세요.
 
 ▶ 아이디 : #{아이디}
 ▶ 혜택 : #{혜택}
 ▶ 사용기한 : #{사용기한}
 
 ※ 이 메시지는 고객님의 혜택 신청에 의해 발송되는 혜택 안내 메시지입니다.",구매,구매완료,확인하기
,JOBER0411_1638843465779,입장 안내,"▶ QR코드 : #{QR코드}
 ▶ 유효기간 : #{유효기간}
 
 ※ 입장권은 유효기간 내에 사용하여 주시기 바랍니다.",기타,기타,자세히보기
,JOBER0411_1642751962331,광고캠페인 오픈,"#{수신자명}님,
 광고캠페인이 진행 중입니다.
 
 ▶광고 이름: #{광고 이름}
 ▶금액: #{금액}원
 
 * 해당 캠페인 오픈 알림 메시지는 고객님의 신청에 의해 발송됩니다.",기타,기타,신청하기
,JOBER0411_1655977925828,입금 요청 안내,"안녕하세요. #{수신자명}님.
 결제계좌 안내드립니다.
 
 ▶ 은행명 : #{은행명}
 ▶ 계좌번호 : #{계좌번호}
 ▶ 결제금액 : #{결제금액}
 
 자세한 내용은 홈페이지에서 확인해주세요.
 감사합니다.",리포팅,요금청구,확인하기
,JOBER0411_1642753675443,요금 청구 안내,"안녕하세요, #{수신자명}님,
 #{발신 스페이스} 입니다.
 
 요금이 청구되었습니다.
 ▶청구요금 : #{청구요금}
 
 자세한 청구 내역은 아래 버튼을 클릭해 주시기 바랍니다.",리포팅,요금청구,확인하기
,JOBER0411_1642753347509,광고캠페인 승인 완료,"#{수신자명}님,
 신청하신 광고캠페인이
 검토를 마치고 승인되었습니다.
 
 ▶광고: #{광고}
 ▶금액: #{금액} 원
 ▶진행 기간: #{진행 기간}
 
 감사합니다.",리포팅,피드백,신청하기
,JOBER0411_1642753303230,광고캠페인 진행 불가 안내,"#{수신자명}님,
 신청하신 광고캠페인은
 검토 결과 진행이 거절되었습니다
 
 ▶광고: #{광고}
 ▶거절 이유: #{거절 이유}
 
 다른 제안이 들어올 수 있도록
 광고를 먼저 찜 해보세요.",리포팅,피드백,신청하기
,JOBER0411_1656222203928,정산 완료 안내,"#{수신자명}님의 이번 달 정산이 완료되었습니다.
 
 ▶ 정산액 : #{정산액}
 ▶ 입금은행 : #{입금은행}
 ▶ 입금계좌 : #{입금계좌}
 
 앞으로도 많은 이용 부탁드려요.
 감사합니다.",리포팅,요금청구,결제하기
,JOBER0411_1642748624420,이벤트/혜택 정보 수신 거부 안내,"안녕하세요. 이용해 주셔서 감사합니다.
 본 메시지는 개인정보보호법에 따라 광고성 정보 수신 여부를 확인하기 위해 발송되었습니다.
 
 ▶수신거부 일자 : #{수신거부 일자}
 ▶수신거부 항목 : 이벤트/혜택 정보(마케팅) 수신거부",리포팅,뉴스레터,확인하기
,JOBER0411_1638851026618,주문 지연 안내,"안녕하세요 #{수신자명}님, 
 현재 고객님이 주문해주신 상품의 주문량이 많아 입고가 늦어지고 있습니다.
 가능한 빠르게 고객님에게 전달될 수 있도록 노력하겠습니다.
 
 쇼핑에 불편을 드려 죄송합니다.",배송,배송예정,자세히보기
,JOBER0411_1655978177605,회원가입 선물 안내,"안녕하세요 #{수신자명} 고객님.
 회원으로 가입해 주셔서 감사합니다.
 
 회원님의 가입선물이 회원정보에 등록된 주소로 배송될 예정입니다.
 
 ▶ 배송예정일 : #{배송예정일}
 
 ※ 가입선물이 이미 발송되어 주소 변경은 불가한 점 참고 부탁드립니다.
 
 감사합니다.",배송,배송예정,확인하기
,JOBER0411_1638850454092,주문 완료 안내,"안녕하세요 #{수신자명}님,
 주문해 주셔서 감사합니다.
 주문하신 상품은 2~3일 정도 소요됩니다.
 
 산간/도서 지역은 배송일이 추가적으로 소요될 수 있으며
 상품의 재고 상황에따라 배송일이 다소 지연될 수 있으니 이점 양해하여주시기 바랍니다.
 
 주문하신 상품의 재고 사정에 따라 주문 수량이 품절될 수 있으며, 
 품절 시 빠르게 확인하여 고객님께 안내드리겠습니다.
 
 감사합니다.",배송,배송상태,확인하기
,JOBER0411_1638850932093,주문서 도착 알림,"안녕하세요 #{수신자명}님,
 주문서가 도착했습니다.
 확인하시려면 아래 링크를 눌러주세요.",배송,배송상태,확인하기
,JOBER0411_1655976077725,주문 확인 안내,"안녕하세요 #{수신자명}님,
 진행하셨던 주문이 정상적으로 완료되지 않았습니다.
 
 주문을 완료하시면,
 영업일 내 #{배송 예정일} 안에 수령이 가능합니다.
 
 주문 문의가 있으실 경우 홈페이지에 문의해주세요.",배송,배송상태,확인하기
,JOBER0411_1655976289174,결제 실패,"안녕하세요 #{수신자명}님,
 결제 시도하신 주문 건이 실패하여 안내 드립니다.
 
 ▶ 주문번호 : #{주문번호}
 ▶ 실패사유 : #{실패사유}
 
 자세한 내용은 결제내역에서 확인해주세요.",배송,배송실패,확인하기
,JOBER0411_1656223976832,배달 취소 안내,"안녕하세요 #{수신자명}님,
 배달이 취소되었습니다.
 취소된 내역을 확인하시고 본인이 주문하시지 않은 경우 연락 부탁드립니다.
 
 ▶ 주문 일시 : #{주문 일시}
 ▶ 주문 내역 : #{주문 내역}
 ▶ 취소 내역 : #{취소 내역}
 
 다시 주문을 하시려면 아래 ""주문하기"" 를 눌러주세요.",배송,배송상태,확인하기
,JOBER0411_1656224059698,결제 완료,"안녕하세요. #{수신자명}님!
 결제가 완료되었습니다.
 
 ▶ 주문 상품 : #{주문 상품}
 ▶ 주문 번호 : #{주문 번호}
 ▶ 금액 : #{금액}
 
 배송이 시작되면 알려드리겠습니다.
 감사합니다.",배송,배송상태,결제하기
,JOBER0411_1656224111719,반품 접수 완료 안내,"안녕하세요 #{수신자명}님,
 반품 신청이 #{반품신청 상태} 되었습니다.
 
 ▶ 수거예정일 : #{수거예정일}
 ▶ 상품정보 : #{상품정보}
 ▶ 수거지 주소 : #{수거지 주소}
 
 ※ 환불 안내 : 상품 수거 후 결제 취소 예정
 
 감사합니다.",배송,배송상태,확인하기
,JOBER0411_1643003957754,당일 배송 지연 안내,"안녕하세요 #{수신자명}님,
 현재 교통상황으로 인해 당일배송으로 수령하시는 상품의 배송시간이 지연될 수 있어 안내드립니다.
 
 #{배송 예전시각} 이전까지는 배송이 완료될 것으로 예상되며, 최대한 빠르게 배송해드릴 수 있도록 최선을 다하겠습니다.
 
 ▶배송업체: #{배송업체}
 ▶송장번호: #{송장번호}
 
 감사합니다.",배송,배송상태,자세히보기
,JOBER0411_1643003972128,배송 도착 예정 시간 안내,"안녕하세요. #{수신자명} 고객님.
 
 주문하신 상품이 아래 시간에 도착할 예정입니다.
 
 ▶도착예정시간: #{도착예정시간}
 ▶배송업체: #{배송업체}
 ▶송장번호: #{송장번호}
 
 #{서비스}을 이용해 주셔서 감사합니다.",배송,배송예정,자세히보기
,JOBER0411_1642987086529,배송 연기 안내,"안녕하세요 #{수신자명}님,
 이번 주 발송 예정이던 #{상품명}의 품질이 너무 좋지 못하여 다음 주로 배송을 연기하고자 합니다.
 
 조금만 기다려주시면 좋은 품질의 물건으로 보답해드리겠습니다.
 
 ▶배송 예정 시작일 : #{배송 예정 시작일}
 
 배송이 연기된 점 양해 부탁 드리며, 항상 이용해 주셔서 감사합니다.",배송,배송예정,자세히보기
,JOBER0411_1643003565334,송장번호 변경 안내,"안녕하세요. #{수신자명}님.
 주문하신 상품의 송장번호가 변경되었습니다.
 
 ▶택배사: #{택배사}
 ▶주문번호: #{주문번호}
 ▶송장번호: #{송장번호}
 
 확인 부탁드립니다.
 감사합니다.",배송,배송상태,확인하기
,JOBER0411_1642987732262,배송 실패 안내,"안녕하세요 #{수신자명} 고객님,
 고객님이 주문하신 상품이 출고 되었으나, 택배 파업으로 인해 고객님 배송지로 도착하지 못하고 저희 측으로 반송되었습니다. 현재 파업으로 인해 재출고 또한 하지 못하는 상황입니다.
 
 주문건을 취소하실지 혹은 파업 종료시까지 대기하실지 확인하여 전화 주시면 감사하겠습니다.
 
 불편을 드려 죄송합니다.
 
 ▶고객센터: #{고객센터}",배송,배송실패,확인하기
,JOBER0411_1650346717889,개별 배송 안내,"안녕하세요 #{수신자명}님,
 구매하신 #{상품명} 상품은 묶음배송이 불가하여, 부득이하게 개별배송됩니다.
 
 궁금하신 점은 아래 전화로 문의 주세요.
 ▶ 고객센터 : #{고객센터}
 
 조금만 기다려주세요!
 감사합니다!",배송,배송상태,자세히보기
,JOBER0411_1650346772803,배송 주소지 확인 알림,"안녕하세요 #{수신자명}님,
 #{상품명}이 배송될 예정입니다.
 배송지 변경을 원하시는 경우 또는 주소가 정상적으로 입력되지 않은 경우
 아래 주소에서 변경 부탁드리겠습니다.",배송,배송상태,확인하기
,JOBER0411_1650346800880,배송 완료 안내,"안녕하세요. #{수신자명}님,
 주문하신 상품이 배송 완료되었습니다.
 
 ▶주문번호: #{주문번호}
 ▶송장번호: #{송장번호}
 ▶택배사 : #{택배사}
 
 이용해주셔서 감사합니다. 구매하신 상품이 마음에 드셨다면, 소중한 리뷰를 남겨주세요.",배송,배송완료,자세히보기
,JOBER0411_1655974512178,수선 완료 배송 예정 안내,"안녕하세요 #{수신자명}님,
 고객님께서 요청하신 상품의 수선이 완료 되어 발송 예정입니다.
 
 ▶ 택배사 : #{택배사}
 ▶ 송장번호 : #{송장번호}
 ▶ 상품명 : #{상품명}
 
 배송은 2~3일 정도 소요됩니다.
 감사합니다.",배송,배송예정,자세히보기
,JOBER0411_1655975270167,상품 발송,"안녕하세요. #{수신자명}님.
 
 주문하신 상품이 발송 되었습니다.
 
 ▶ 주문자명 : #{주문자명}
 ▶ 날짜 : #{날짜}
 ▶ 상품명 : #{상품명}
 ▶ 택배사 : #{택배사}
 ▶ 운송장번호 : #{운송장번호}
 
 공휴일 제외 1~2일 내에 배송될 예정입니다.",배송,배송상태,자세히보기
,JOBER0411_1655978098998,배달 안내,"고객님께서 예약하신 음식을 내일 요청하신 시간에 맞춰 배달해드릴 예정입니다.
 
 자세한 정보는 아래 홈페이지에서 확인해주세요.
 
 이용을 감사드립니다.",배송,배송예정,확인하기
,JOBER0411_1655978227613,배송 완료,"안녕하세요 #{수신자명} 고객님.
 주문하신 제품이 배송 완료되었습니다.
 
 ▶ 주문번호 : #{주문번호}
 ▶ 배송업체 : #{배송업체}
 ▶ 송장번호 : #{송장번호}
 
 구매하신 제품은 잘 받아보셨나요?
 오늘도 제품을 구매해주셔서 감사합니다.",배송,배송완료,자세히보기
,JOBER0411_1655978342533,출고 완료 안내,"안녕하세요. #{수신자명}고객님.
 주문하신 상품이 출고 완료되었습니다.
 
 ▶ 택배사 : #{택배사}
 ▶ 운송장번호 : #{운송장번호}
 
 빠르고 안전한 배송을 위해 최선을 다하겠습니다.
 감사합니다.",배송,배송완료,자세히보기
,JOBER0411_1656052794783,배송 출발 안내,"안녕하세요 #{수신자명}님,
 주문하신 상품의 배송이 시작되었습니다.
 
 ▶ 주문상품명 : #{주문상품명}
 ▶ 송장번호 : #{송장번호}
 ▶ 택배사명 : #{택배사명}
 
 상세한 정보는 아래 배송조회 통해 확인해 주세요.",배송,배송상태,확인하기
,JOBER0411_1656053987456,배송 지연 안내,"안녕하세요 #{수신자명}님,
 주문하신 제품이 배송 지연 중입니다.
 
 ▶지연사유: #{지연사유}
 ▶예상 배송 시작일: #{예상 배송 시작일}
 ▶배송업체: #{배송업체}
 ▶송장번호: #{송장번호}
 
 빠른 배송을 위해 최선을 다하겠습니다.
 감사합니다.",배송,배송상태,자세히보기
,JOBER0411_1656054279846,배송 예상 도착 시간 서비스,"안녕하세요. #{수신자명}님의 상품이 #{배송 예정일}에 도착 예정입니다.
 
 배송 예상 도착 시간은 교통상황에 따라 변경될 수 있습니다.
 
 정확한 예상 도착 시간 서비스를 위해 출입 시 현관 비밀번호가 있을 경우 홈페이지 고객센터에 말씀해주세요.
 
 <주문정보>
 ▶ 송장번호 : #{송장번호}
 ▶ 택배사 : #{택배사}
 ▶ 상품명 : #{상품명}
 
 감사합니다.",배송,배송상태,확인하기
,JOBER0411_1656293628944,상품 부분 발송,"안녕하세요 #{수신자명}님,
 주문하신 제품을 부분 발송하였습니다.
 
 나머지 제품도 최대한 빠른 시일 내에 받아보실 수 있도록 노력하겠습니다!
 조금만 기다려주세요.
 
 ▶ 택배사 : #{택배사}
 ▶ 송장번호 : #{송장번호}
 ▶ 상품명 : #{상품명}
 
 공휴일 제외 1~3일 내에 배송될 예정입니다.
 
 감사합니다.",배송,배송상태,자세히보기
,JOBER0411_1656053513850,제품 발송 안내,"안녕하세요. #{수신자명}님,
 #{수신자명}님의 제품이 발송되었습니다.
 
 ▶택배사: #{택배사}
 ▶송장번호: #{송장번호}
 ▶제품명: #{제품명}
 
 단순히 제품을 판매하는 것에서 그치는 것이 아니라, 제품을 모두 다 사용하실 때까지 만족하실 수 있도록 더욱 노력하겠습니다.
 사용하시면서 궁금하신 점이나 불편하신 점 있으시면 문의해주세요.
 
 오늘도 건강하고 행복한 하루 되세요.
 감사합니다.",배송,배송상태,자세히보기
,JOBER0411_1656053861355,배송 정보 안내,"안녕하세요. #{수신자명}님, 주문하신 택배 배송 정보 전달드립니다.
 
 ▶배송업체: #{배송업체}
 ▶주문번호: #{주문번호}
 ▶운송장번호: #{운송장번호}
 
 아래 버튼을 클릭하시면 더 자세한 정보를 보실 수 있습니다.",배송,배송상태,확인하기
,JOBER0411_1656223436212,배송 안내,"주문하신 #{제품명} 제품이 #{발신 스페이스}에서 발송되어 배송중입니다.
 
 해외 배송중에는 송장조회 시, 발송 전으로 노출되지만 세관 통과 후 국내 택배로 인계되면 배송조회가 가능합니다.
 
 ▶ 수령 예상일 : #{수령 예상일}
 
 감사합니다.",배송,배송상태,확인하기
,JOBER0411_1655977686541,제품 사용 방법 안내,"안녕하세요. #{수신자명}님.
 주문해주신 상품의 배송이 완료되었습니다. 제품 사용에 참고하실 수 있는 설명서를 안내 드립니다.
 
 ▶ 제품명 : #{제품명}
 
 사용 중 문의사항이 있으신 경우 아래 홈페이지에 문의해주세요.
 감사합니다.",배송,배송완료,자세히보기
,JOBER0411_1656220921731,연체 대기,"#{수신자명}님 안녕하세요
 현재 고객님의 아래 주문 건의 결제가 진행되지 않아 '연체 대기' 상태가 되었습니다.
 
 ▶ 주문번호 : #{주문번호}
 ▶ 상품명 : #{상품명}
 ▶ 결제금액 : #{결제금액}원
 ▶ 결제 기한일 : #{결제 기한일}
 
 결제 기한이 마감될 때까지 결제가 완료되지 않을 경우, '연체' 상태로 변경되오니 결제 기한일까지 확인 부탁드립니다.",배송,배송상태,확인하기
,JOBER0411_1655973746821,수강료 미납 안내,"안녕하세요 #{수신자명}님,
 #{월} 월 고객님의 #{강의명} 수강료가 미납으로 확인되었습니다.
 
 ▶ 입금자명 : #{입금자명}
 ▶ 결제금액 : #{결제금액}
 
 미납 금액 #{결제금액} 원
 신속한 수납 부탁드립니다.
 
 감사합니다.",법적고지,주문/예약,확인하기
,JOBER0411_1638780343487,환급액 안내,"안녕하세요 #{수신자명}님,
 세금환급액은 약 #{환급액}원입니다.
 
 계좌에 입금이 안 된 경우, 국세청 계좌등록이 안되어 있으신 경우라, 세무서에서 환급통지서로 발송이 되어 환급받으실 수 있으니 통지서 확인 부탁드립니다.
 
 감사합니다.",법적고지,주문/예약,확인하기
,JOBER0411_1656053723228,미납안내,"안녕하세요 #{수신자명}님,
 고객님의 #{이용서비스} 가
 미납으로 확인되어 연락 드립니다. 
 
 아직 수납하지 못하셨다면
 #{수납처} 로 빠른 수납 부탁드리겠습니다.
 
 ▶ 관련문의 : #{관련문의}
 
 감사합니다.",법적고지,주문/예약,확인하기
,JOBER0411_1656222050933,계약 완료 안내,"#{수신자명}님 안녕하세요.
 
 변경 계약체결이 완료되었습니다.
 
 ▶ 계약 번호 : #{계약 번호}
 ▶ 계약 금액 : #{계약 금액}
 ▶ 계약자 : #{계약자}
 
 <계약서 조회 방법>
 #{조회 방법}
 
 감사합니다.",법적고지,주문/예약,확인하기
,JOBER0411_1643015154812,개인 정보 이용내역 안내,"안녕하세요, 발신 스페이스입니다.
 
 개인정보보호법에 따라 제공하신 개인 정보 이용내역을 안내드립니다. (연 1회 안내)
 
 1. 개인 정보의 수집, 이용 목적 및 수집한 개인 정보의 항목
 ▶개인 정보 수집 항목 : 개인 정보 수집 항목
 ▶개인 정보 이용 목적
 이용 목적
 
 2. 개인 정보를 제공받는 자와 그 제공 목적 및 제공한 개인 정보의 항목
 ▶개인 정보 제공하는 곳 없음.
 
 수신자명 회원님의 개인 정보 이용내역과 현황은 홈페이지 > 개인 정보처리 방침에서 확인하실 수 있습니다.",법적고지,주문/예약,확인하기
,JOBER0411_1656221364576,약관변경 안내,"안녕하세요 #{수신자명}님,
 이용약관이 #{일자}부터 아래와 같이 변경됨을 알려드립니다.
 
 ▶ 개정 전
 #{이전약관}
 
 ▶ 개정 후
 #{변경약관}
 
 ※ 본 메시지는 이용약관에 동의한 회원에게 전송되는 메시지입니다.",법적고지,주문/예약,자세히보기
,JOBER0411_1656222700679,라이선스 갱신 안내,"안녕하세요 #{수신자명}님,
 고객님의 라이선스가 곧 만료 예정입니다.
 
 ▶ 라이선스 : #{라이선스}
 ▶ 만료 예정일 : #{만료 예정일}
 
 라이선스 갱신은 홈페이지에서 진행해주세요.
 감사합니다.",법적고지,주문/예약,자세히보기
,JOBER0411_1638842883167,영업시간 안내,"▶ 영업시간: #{영업시간}
 ▶ 전화문의: #{전화문의}
 
 아래 버튼을 누르시면 자세한 내용을 확인하실 수 있습니다.",서비스이용,이용안내/공지,확인하기
,JOBER0411_1642986175285,서비스 완료 안내,"안녕하세요 #{수신자명}님,
 오늘 받으신 서비스는 어떠셨나요?
 고객님의 소중한 의견을 바탕으로 보다 더 나은 서비스를 제공하겠습니다.
 오늘도 좋은 하루 보내세요~ 감사합니다.
 
 문의사항은 아래 버튼을 클릭해 주세요.",서비스이용,이용안내/공지,자세히보기
,JOBER0411_1642986851508,구매알림,"안녕하세요 #{수신자명}님,
 구입해주셔서 감사합니다.
 
 <상품정보>
 ▶상품명: #{상품명}
 ▶사용기간: #{사용기간}
 
 앞으로도 많은 이용 부탁드립니다.
 감사합니다.",서비스이용,이용안내/공지,확인하기
,JOBER0411_1643015337275,상품 가입 안내,"#{수신자명} 고객님,
 가입에 감사드립니다.
 앞으로 더욱 나은 서비스 제공을 위해 노력하겠습니다.
 고객님께서 가입하신 #{서비스}의 상품설명서는 #{확인처} 에서 확인 가능합니다.
 
 확인 후 문의사항이 있으시면 고객센터로 연락주세요. 감사합니다.",서비스이용,이용안내/공지,확인하기
,JOBER0411_1642987934862,샘플 입고 안내,"#{수신자명}님,
 새로운 경험을 전해드리는 
 입니다!
 
 #{수신자명}님께서 신청하신 새로운 샘플이 입고되었습니다.
 
 ▶샘플: #{샘플}
 
 지금 바로 이용해 보세요!",서비스이용,이용도구,신청하기
,JOBER0411_1642987801780,보험 가입 안내,"안녕하세요, #{수신자명}님.
 보험 가입이 완료되었습니다.
 
 ▶보험명: #{보험명}
 ▶피보험 : #{피보험}
 
 가입한 보험의 상세 내용은 보험 가입내역에서 확인하실 수 있습니다.",서비스이용,이용안내/공지,확인하기
,JOBER0411_1656053836360,입금 확인,"안녕하세요 #{수신자명}님,
 고객님의 입금이 확인 되었습니다.
 감사합니다.",서비스이용,이용안내/공지,확인하기
,JOBER0411_1656223629227,재입고 알림,"안녕하세요 #{수신자명}님,
 재입고 알림 신청하신 제품이 입고되었습니다.
 
 ▶ 신청 일자 : #{신청 일자}
 ▶ 제품명 : #{제품명}
 
 현재 구매가 가능한 상품이니 확인 부탁드립니다.
 감사합니다.",서비스이용,이용안내/공지,확인하기
,JOBER0411_1642753474653,전화 상담 만족도 안내,"안녕하세요 #{수신자명}고객님,
 
 최근에 경험하신 #{서비스} 전화 상담은 만족하셨나요?
 
 아래 ‘바로 가기‘를 통해 만족도 설문조사에 응답해 주시면 감사하겠습니다.
 
 응답 내용은 보다 나은 상담 서비스 제공을 위한 목적으로만 이용됩니다.
 
 전화 상담 만족도 설문 참여 바로 가기
 ▶#{만족도 설문링크}",서비스이용,피드백 요청,예약하기
,JOBER0411_1656221857743,출입 알림,"안녕하세요 #{수신자명}님,
 출입을 위한 정보 전달드립니다.
 
 ▶ 아이디 : #{아이디}
 ▶ QR코드 : #{QR코드}
 ▶ 유효기간 : #{유효기간}
 ▶ 공지사항 : #{공지사항}
 
 ※ 입실하시려면 QR 코드를 인식해주세요.
 ※ 유효기간 내에 사용해주세요.",서비스이용,이용안내/공지,확인하기
,JOBER0411_1656222018112,상담 만족도 참여 감사,"안녕하세요 #{수신자명} 고객님,
 
 바쁘신 중에도 전화 상담 만족도 설문에 의견을 주셔서 감사드립니다.
 
 ▶ 설문 내용 : #{설문 내용}
 ▶ 설문일 : #{설문일}
 
 불편 드린 점은 빠른 시일 내에 개선하고 만족스러운 서비스를 제공하겠습니다.
 
 감사합니다.",서비스이용,이용안내/공지,예약하기
,JOBER0411_1638843081144,작업 완료 안내,"안녕하세요 #{수신자명}님,
 고객님이 요청하신 #{서비스} 작업이 완료되었습니다.
 
 방문 부탁 드립니다.
 감사합니다.",서비스이용,방문서비스,예약하기
,JOBER0411_1642750597339,회원가입 완료 안내,"안녕하세요 #{수신자명} 고객님,
 회원가입 및 SNS 수신 동의에 감사드립니다.
 
 ※ 수신 동의 취소는 홈페이지에서 진행하실 수 있습니다.
 
 감사합니다.",서비스이용,이용안내/공지,자세히보기
,JOBER0411_1643015944536,거절 안내,"요청하신 일정이
 일정에 어려움이 있어 취소되었습니다.
 
 ▶신청 일정명: #{신청 일정명}
 ▶요청한 날짜와 시간: #{요청일시}
 
 아래의 버튼을 클릭하시면 강사의 일정을 확인하실 수 있습니다.
 감사합니다.",서비스이용,방문서비스,확인하기
,JOBER0411_1650507222259,회원혜택안내,"안녕하세요 #{수신자명}님,
 회원가입이 완료되었습니다.
 혜택을 안내드립니다.
 
 ▶ 혜택 : #{혜택}
 ▶ 유효기간 : #{유효기간}
 
 ※ 이 메시지는 고객님의 동의에 의해 지급된 혜택 안내 메시지입니다.",서비스이용,이용안내/공지,자세히보기
,JOBER0411_1650507513114,회원가입,"안녕하세요. #{수신자명} 고객님,
 회원이 되신 것을 진심으로 환영합니다.
 
 회원가입 혜택으로 지금 #{상품} 구매 시 할인된 가격으로 구매하실 수 있습니다.
 
 ※ 이 메시지는 고객님의 동의에 의해 전송되는 메시지입니다.",서비스이용,이용안내/공지,자세히보기
,JOBER0411_1655975553181,수업 일정 안내,"안녕하세요. #{수신자명}님,
 첫 수업이 예정되어 있습니다.
 수업 일정을 확인해주세요.
 
 ▶ 수업명 : #{수업명}
 ▶ 수업 일정 : #{수업 일정}
 ▶ 수업 장소 : #{수업 장소}
 
 수업 일정 변경이 필요한 경우, 문의 부탁드립니다.
 감사합니다.",서비스이용,이용안내/공지,확인하기
,JOBER0411_1656052963305,구매 감사 인사,"안녕하세요 #{수신자명}님,
 저희 제품을 믿고 구매해 주셔서 감사 드립니다.
 항상 믿을 수 있는 제품으로 찾아뵐 수 있도록 노력하는 당사이 되겠습니다.
 
 받아보신 제품에 이상이 있거나 문의 사항이 있을 경우 아래 버튼을 클릭하여 문의해 주세요.",서비스이용,이용안내/공지,문의하기
,JOBER0411_1656053665915,이용 후기 이벤트,"안녕하세요 #{수신자명}님,
 기다리시던 #{서비스} 잘 받으셨나요?
 이용 후기를 남겨주시면 #{상품}을 선물로 드립니다!
 
 아래 링크를 클릭해 지금 후기를 작성해 보세요~",서비스이용,피드백 요청,후기작성
,JOBER0411_1655798192604,회원 가입,"안녕하세요.
 이용권이 지급되었습니다.
 
 ▶ 회원번호 : #{회원번호}
 ▶ 등록이용권 : #{등록이용권}
 ▶ 이용기간 : #{이용기간}
 
 문의사항은 아래 버튼을 클릭해주세요.
 
 ※ 이 메시지는 고객님의 동의에 의해 지급된 이용권 안내 메시지입니다.",서비스이용,이용안내/공지,신청하기
,JOBER0411_1655798299038,회원 가입 승인 알림,"안녕하세요 #{수신자명}님.
 회원가입 신청이 승인되었습니다.
 
 ▶ 회원명 : #{회원명}
 ▶ 승인일자 : #{승인일자}
 
 아래 버튼을 클릭하여 여러 가지 정보를 확인해보세요.",서비스이용,이용안내/공지,확인하기
,JOBER0411_1655798724543,회원 가입 거절 알림,"회원가입 신청이 거절되었습니다.
 
 문의사항은 아래 버튼을 클릭해주세요.",서비스이용,이용안내/공지,신청하기
,JOBER0411_1638851385924,자동 결제 안내,"안녕하세요 #{수신자명}님,
 고객님의 자동 결제가 실행되었습니다.
 
 충전 방식 : 월 정기 결제
 시작 일시 : #{시작 일시}
 충전 금액 : #{충전금액}원
 다음 예상 결제일 : #{다음예상결제일}
 
 결제를 취소하시려면 아래 버튼을 클릭해 주세요.",서비스이용,이용안내/공지,결제하기
,JOBER0411_1638850958994,서비스 해지 안내,"안녕하세요 #{수신자명}님,
 서비스가 해지되었습니다.
 
 그동안를 이용해 주셔서 감사합니다.",서비스이용,이용안내/공지,자세히보기
,JOBER0411_1642987899693,정기 배송 신청 완료,"안녕하세요 #{수신자명} 고객님,
 #{상품명} 정기배송이 정상 접수되었습니다.
 앞으로 #{배송기간}개월간 매달 고객님을 위하여 프로그램을 준비해드리겠습니다.
 
 감사합니다.",서비스이용,방문서비스,신청하기
,JOBER0411_1642987967069,수강 연장 신청 안내,"안녕하세요 #{수신자명} 님, 
 #{강의명} 결제 신청이 완료되었습니다.
 
 공부를 시작하고자 결심한 지금 이 마음가짐이 변치 않도록 아래 입금기한까지 수강료 납부 후 학습을 시작하세요.
 
 ▶입금금액: #{입금금액}원
 ▶입금계좌: #{입금계좌}
 
 감사합니다.",서비스이용,이용안내/공지,신청하기
,JOBER0411_1655974827761,배달 완료,"배달이 완료되었습니다.
 감사합니다.
 
 ▶ 주문내역 : #{주문내역}
 ▶ 주문번호 : #{주문번호}
 ▶ 배달주소 : #{배달주소}
 
 맛있게 드시고, 다음에 또 이용해주세요.",서비스이용,이용안내/공지,확인하기
,JOBER0411_1655974885674,수강 신청 결제 완료 안내,"안녕하세요. #{수신자명}님,
 수강신청 및 결제가 완료되었습니다.
 
 <수강 신청 내역>
 
 ▶ 수업과목 : #{수업과목}
 ▶ 수업일시 : #{수업일시}
 ▶ 수업기간 : #{수업기간}
 
 감사합니다.",서비스이용,이용안내/공지,확인하기
,JOBER0411_1655975311621,주문 취소 안내,"안녕하세요. #{수신자명}님.
 
 요청하신 취소 및 반품/교환 접수가 완료되었습니다.
 
 ▶ ID : #{ID}
 ▶ 요청일 : #{요청일}
 
 다음에는 더 좋은 상품으로 보답해드리겠습니다.",서비스이용,이용안내/공지,신청하기
,JOBER0411_1642751850875,정산 신청 완료,"#{수신자명}님,
 신청하신 정산 내용을 확인해 주세요.
 
 ▶정산 신청 금액: #{정산 신청 금액} 원
 ▶정산 신청일: #{정산 신청일}
 
 감사합니다.",서비스이용,이용안내/공지,확인하기
,JOBER0411_1656221823350,제출서류 안내,"안녕하세요 #{수신자명}님,
 #{서류명} 서류가 아직 제출되지 않았습니다.
 
 ▶ 서류 제출 기한일 : #{제출기한일}
 
 #{서류명} 서류는 #{제출기한일} 이내로 제출되어야 합니다. 기한 이내 제출되지 않을 경우 추가 신청이 불가합니다.
 
 감사합니다.",서비스이용,이용안내/공지,신청하기
,JOBER0411_1656221929854,수강권 사용 등록 완료 안내,"안녕하세요 #{수신자명} 회원님,
 신청하신 수강권이 지급 완료되었습니다.
 
 수강권을 등록하시고, 주의 사항 확인 부탁드립니다.
 
 ▶ 수강권 : #{수강권}
 ▶ 수강권 등록 방법 : #{수강권 등록 방법}
 ▶ 주의 사항 : #{주의 사항}
 
 자세한 내용은 홈페이지에서 확인해주세요.",서비스이용,이용안내/공지,확인하기
,JOBER0411_1638782420182,응모 당첨 안내,"고객님, 축하드립니다!
 고객님이 응모하신 이벤트에 당첨되셨습니다.
 
 자세한 내용은 아래 버튼을 클릭해 주세요.",서비스이용,이용안내/공지,자세히보기
,JOBER0411_1638782606467,후기 등록 완료,"안녕하세요 #{수신자명}님,
 #{수업명} 수업 후기가 등록되었습니다.
 회원님의 후기를 확인하시고 답글을 달아주세요.",서비스이용,이용안내/공지,확인하기
,JOBER0411_1638782649515,거래완료알림,"안녕하세요 #{수신자명}님,
 거래가 완료 되었습니다.
 
 자세한 내역은 아래 버튼을 클릭하여 확인해주세요.",서비스이용,이용안내/공지,확인하기
,JOBER0411_1656221993271,행사 안내,"안녕하세요 #{수신자명} 고객님,
 행사에 참여해주셔서 감사합니다.
 
 ▶ 성함 : #{성함}
 ▶ 날짜 : #{날짜}
 ▶ 장소 : #{장소}
 
 날짜와 장소를 확인해주세요.
 
 ※ 해당 메시지는 고객님의 알림 신청에 의해 발송되는 일회성 메시지입니다.",서비스이용,이용안내/공지,확인하기
,JOBER0411_1638782384529,응모완료안내,"안녕하세요 #{수신자명}님,
 #{발신 스페이스}을 이용해주셔서 감사합니다.
 회원님께서 신청하신 #{이벤트명} 이벤트의 응모가 완료되었습니다.
 
 자세한 내용은 아래 버튼을 클릭해 주세요.",서비스이용,이용안내/공지,신청하기
,JOBER0411_1650507255660,연장 안내,"안녕하세요 #{수신자명}님,
 회원님의 #{상품명} 이용 종료일이 임박하여 연장안내 드립니다.
 
 [상품정보]
 ▶ 이용기간 : #{이용기간}
 
 ※ 이 메시지는 고객님의 동의에 의해 발송되는 상품 안내 메시지입니다.",서비스이용,이용안내/공지,확인하기
,JOBER0411_1638781786178,제안서 채택 알림,"안녕하세요 #{수신자명} 님,
 #{수신자명}님이 작성하신 제안서가 채택되었습니다. 
 연락 부탁드리겠습니다.
 감사합니다.
 
 ▶ 제안서 : #{제안서}",서비스이용,이용안내/공지,자세히보기
,JOBER0411_1650507545768,리뷰 이벤트 당첨 안내,"안녕하세요. 입니다.
  이벤트 당첨자 발표 안내드립니다.
 이번 이벤트에 참여해 주신 것을 진심으로 감사드립니다.
 
 상품 배송은 순차적으로 도와드릴 예정이며, 상품에 대한 솔직한 평가를 남겨주시면 감사드리겠습니다.
 
 감사합니다.
 
 ※ 이 메시지는 고객님의 이벤트 신청 결과 안내 메시지입니다.",서비스이용,피드백 요청,신청하기
,JOBER0411_1655977972095,견적 접수 안내,"안녕하세요 #{수신자명}님, 
 요청하신 견적 접수되었습니다.
 빠른 시일 내에 상담하도록 하겠습니다
 감사합니다.
 
 <문의사항>
 ▶ 고객센터 : #{고객센터}
 ▶ 이메일 : #{이메일}",서비스이용,신청접수,신청하기
,JOBER0411_1655977885758,베스트 리뷰 선정 안내,"안녕하세요. #{수신자명}고객님.
 이번 달의 베스트 리뷰로 선정되어, 혜택 안내드립니다.
 
 ▶ 베스트 리뷰 상품 : #{베스트 리뷰 상품}
 ▶ 주소 : #{주소}
 
 앞으로도 많은 관심 부탁드립니다.
 감사합니다.
 
 ※ 최근 주문하신 주소지로 보내드리오니, 변경이 필요할 시 문의 부탁드립니다.",서비스이용,이용안내/공지,자세히보기
,JOBER0411_1656222260126,책자 발행 알림,"안녕하세요, 발신 스페이스입니다.
 
 이번 달 책자가 발행되어, 신청하신 정기 발행 책자 안내해 드립니다.
 
 아래 버튼을 클릭하여 책자를 확인해 주세요!
 
 ※ 해당 메시지는 고객님의 신청에 의해 발송됩니다.",서비스이용,이용안내/공지,확인하기
,JOBER0411_1656222087704,제안서 도착 알림,"#{수신자명}님 안녕하세요.
 
 작성하신 제안서가 성공적으로 전송되었습니다.
 
 ▶ 문의서 제목 : #{문의서 제목}
 ▶ 제안서 제목 : #{제안서 제목}
 
 담당자가 제안서를 열람 및 채택하기까지 기다려주세요.",서비스이용,이용안내/공지,문의하기
,JOBER0411_1656291393694,결과 확인 안내,"안녕하세요 #{수신자명}님, 
 결과가 홈페이지에 발표되었습니다.
 하단 ""결과보기"" 클릭하시어 확인 부탁드립니다.
 
 ▶ 문의사항 : #{문의사항}",서비스이용,이용안내/공지,확인하기
,JOBER0411_1656222434696,신규 발간 안내,"안녕하세요 #{수신자명}님,
 고객님께서 요청하신 신규 발간 안내해 드립니다.
 
 ▶ 상품명 : #{상품명}
 ▶ 발간일 : #{발간일}
 
 ※ 이 메시지는 정기 발간 안내를 요청하신 회원에게 전송되는 메시지입니다.",서비스이용,이용안내/공지,자세히보기
,JOBER0411_1638770087395,광고 수신 동의,"안녕하세요 #{수신자명}님,
 이 메시지는 정보통신망법에 따라 2년 마다 발송되는 광고성 정보 수신동의를 확인하는 메시지 입니다.
 
 ▶ 이전 수신동의일자: #{이전 수신동의일자}
 
 앞으로도 유익한 소식과 다양한 혜택으로 찾아 뵙겠습니다.
 
 메시지 수신을 원치 않으시면 [마이페이지] > [개인정보 수정] > [마케팅 수신 동의] #{서비스} 에서 혜택 정보 받기 체크를 수신동의를 해제하시면 됩니다.
 
 *수신동의 철회시에서 제공하는 서비스 및 혜택 안내를 받아 보실 수 없습니다.",서비스이용,이용안내/공지,확인하기
,JOBER0411_1656303910583,교육 안내,"안녕하세요 #{수신자명}님,
 이번 교육을 신청해주신 회원님께 감사드리며 교육 내용 안내해 드립니다.
 
 ▶ 교육명 : #{교육명}
 ▶ 교육 내용 : #{교육 내용}
 ▶ 교육 일시 : #{교육 일시}
 
 교육에 대한 자세한 사항은 홈페이지에서 확인해주세요.",서비스이용,이용안내/공지,확인하기
,JOBER0411_1656223827929,개강 안내,"안녕하세요 #{수신자명} 멤버님.
 #{발신 스페이스}입니다.
 
 #{발신 스페이스}에서 시작되는 온라인 라이브 교육 안내해 드립니다.
 온라인 수업은 #{수업 방식}으로 진행되며 접속 시, 메일로 드리는 안내문 참고 부탁드립니다.
 
 ※ 강연 입장 시, 오디오 OFF 설정 부탁드립니다.
 ※ 늦지 않게 입장해주세요.",서비스이용,이용안내/공지,자세히보기
,JOBER0411_1642987636918,주문 상품 도착 안내,"안녕하세요 #{수신자명} 고객님,
 주문하신 상품이 매장에 도착하였습니다.
 
 ▶상품: #{상품}
 ▶방문 시간: #{방문 시간}
 
 상품 수령해주시기 바랍니다.
 감사합니다.",서비스이용,방문서비스,예약하기
,JOBER0411_1655978310388,샘플 배송 완료,"안녕하세요. #{수신자명}고객님.
 #{상품명} 샘플 상품은 잘 받아보셨나요?
 
 보내드린 상품을 수령하신 후 충분히 사용해보시고 마음에 드신다면 홈페이지에서 직접 확인해보세요.
 
 항상 이용에 감사드립니다.",서비스이용,이용안내/공지,확인하기
,JOBER0411_1638770119490,개인정보 수신 철회 안내,"안녕하세요 #{수신자명}님,
 #{일자} 부로 정보 수신 거부 처리되었습니다.
 감사합니다.",서비스이용,이용안내/공지,확인하기
,JOBER0411_1656221485762,개인정보 수집이용 동의 완료 안내,"안녕하세요 #{수신자명}고객님.
 #{발신 스페이스}입니다.
 
 개인정보보호법 제39조의8항(개인정보 이용내역의 통지)에 따라 연 1회 회원님의 개인정보 이용내역을 안내해 드리고 있습니다.
 아래 개인정보 이용내역 상세보기를 누르셔서 자세한 내용을 확인해 주시기 바랍니다.",서비스이용,이용안내/공지,확인하기
,JOBER0411_1656221523120,계정 삭제 예정 안내,"안녕하세요. 
 
 소중한 개인정보보호를 위해 회원님의 계정 중 장기간 미이용 상태의 계정을 삭제 처리할 예정입니다.
 ▶ 계정 삭제 예정일 : #{계정 삭제 예정일}
 
 서비스의 지속적인 이용을 원하신다면 삭제일 이전에 로그인 부탁드립니다. 
 
 문의사항은 홈페이지를 통해 접수해 주시면 친절히 안내해 드리겠습니다. 감사합니다.",서비스이용,이용안내/공지,확인하기
,JOBER0411_1638843054202,서비스 접수 완료 안내,"안녕하세요 #{수신자명}님,
 고객님의 #{서비스}접수가 정상적으로 처리되었습니다.
 아래 버튼을 누르시면 접수 내역을 자세히 확인하실 수 있습니다.
 
 감사합니다.",서비스이용,이용안내/공지,확인하기
,JOBER0411_1638843549639,방문일정안내,"안녕하세요 #{수신자명}님,
 고객님께서 요청하신 방문서비스 일정 안내 드립니다.
 
 ▶ 방문예정 : #{방문예정}
 ▶ 접수내용 : #{접수내용}
 
 상세 접수 내역을 확인하시려면 아래 버튼을 클릭해주세요.",서비스이용,방문서비스,확인하기
,JOBER0411_1638844051157,이용 확인 안내,"안녕하세요 #{수신자명}님,
 고객님께서 신청하신 #{서비스} 이용 확인 안내입니다.
 아직 이용해보시지 않았다면 아래의 버튼을 클릭하여 이용해 보세요!",서비스이용,이용도구,확인하기
,JOBER0411_1638938178096,안녕하십니까?,"안녕하십니까?
 
 수신자명님께서 신청하신 서비스 서비스 이용 확인 알림톡입니다.
 
 지금까지 발신 스페이스을 이용해 주셔서 감사드립니다.
 앞으로 더 좋은 서비스로 찾아뵙겠습니다!",서비스이용,이용도구,확인하기
,JOBER0411_1638938307991,재난지원금 사용안내,"안녕하세요 #{수신자명}님,
 문의하신 재난지원금 사용 안내드립니다.
 재난지원금 사용이 가능합니다.",서비스이용,이용안내/공지,자세히보기
,JOBER0411_1638938464256,상담톡 안내,"안녕하세요 #{수신자명}님,
 회원이 되신 것을 축하드립니다.
 고객님들을 위해 다양한 정보를 안심하고 보실 수 있도록 카카오톡 알림톡 서비스를 오픈하였습니다.
 의 유익한 소식들 전해 드릴게요.
 
 앞으로도 많은 사랑 부탁드립니다!",서비스이용,이용안내/공지,확인하기
,JOBER0411_1639036563430,Grand Open 안내,"안녕하세요 #{수신자명}님,
 신청하신 신규 오픈 이벤트에 당첨 되었습니다.
 오픈기념 할인행사 진행하오니 많은 관심 부탁드립니다.
 #{지점명}점으로 아래의 연락처로 문의주세요.
 
 ▶ 매장 위치 : #{매장 위치}",서비스이용,이용안내/공지,신청하기
,JOBER0411_1656221448865,정보통신망법 제50조 8항,"- 수신동의 일자 : #{수신동의일자}
 
 수신동의를 철회하고자 하는 하는 경우 회원정보에서 미동의로 직접 변동하시거나, 고객센터로 문의하여 주시기 바랍니다.
 
 고객님의 소중한 개인정보를 안전하게 관리하기 위하여 최선을 다하겠습니다.
 감사합니다.",서비스이용,이용안내/공지,확인하기
,JOBER0411_1638842949347,입학시험 결과 발표,"안녕하세요 #{수신자명}님,
 입학시험 결과가 홈페이지에 발표되었습니다.
 하단 ""결과보기""를 통해 확인하실 수 있습니다.
 
 결과관련 전화상담은 금일중 순차적으로 진행됨을 알려드립니다.
 
 감사합니다.",서비스이용,이용안내/공지,확인하기
,JOBER0411_1638842983074,서비스 개편 안내,"안녕하세요 #{수신자명}님,
 요청하신 서비스 개편을 안내드립니다.
 내용은 다음과 같습니다.
 #{개편사항}
 
 감사합니다.",서비스이용,이용안내/공지,자세히보기
,JOBER0411_1642983758449,업무 안내,"안녕하세요! 출근 1시간 전입니다! 
 사업장 도착 시, 해당 알림에 도착 또는 1 이라고 답장해주세요.
 
 서비스일/시간 : #{서비스일시간} 
 주소 : #{주소}",서비스이용,이용안내/공지,자세히보기
,JOBER0411_1642983861019,서비스 이용 확인 안내,"#{수신자명}님께서 신청하신 서비스 이용 확인 알림톡입니다.
 
 지금까지 이용해 주셔서 감사드립니다.
 앞으로 더 좋은 서비스로 찾아뵙겠습니다!",서비스이용,이용안내/공지,확인하기
,JOBER0411_1642984022984,서류 준비 완료,"안녕하세요 #{수신자명}님,
 고객님께서 요청하신 서류가 준비되었습니다.
 
 ▶서류: #{서류}
 ▶수령가능시간: #{수령가능시간}
 ▶문의전화: #{문의전화}
 
 감사합니다.",서비스이용,방문서비스,문의하기
,JOBER0411_1642986992602,모바일 탑승권 안내,"안녕하세요 #{수신자명}님.
 고객님이 등록하신 모바일 탑승권 안내 드립니다.
 
 ▶시간: #{시간}
 ▶탑승권 번호: #{탑승권 번호}
 
 시간이 지난 탑승권은 만료됩니다.
 자세한 내용은 아래 버튼을 클릭해 주세요.",서비스이용,이용안내/공지,신청하기
,JOBER0411_1642987053738,사용 만족도 조사,"안녕하세요 #{수신자명} 고객님,
 고객 서비스 개선 및 만족도 향상을 위하여 고객님의 소중한 의견을 듣고자 합니다.
 아래 ""만족도조사"" 버튼을 클릭하여 간단한 설문 조사에 참여해 주시면 감사하겠습니다.
 
 본 문자는 고객님께서 문자를 통한 설문조사에 동의해주셔서 발송되었습니다.
 본 설문조사는 광고, 홍보나 판매 기타 판촉을 위한 것이 아니며 그러한 목적으로 사용되지 않습니다.
 
 감사합니다.",서비스이용,피드백 요청,자세히보기
,JOBER0411_1642983681556,정기 방문 서비스 안내,"안녕하세요 입니다.
 내일 에 매니저가 방문 드려 
 정기 서비스 예정입니다. 
 
 문의사항은 아래를 눌러주세요.",서비스이용,방문서비스,예약하기
,JOBER0411_1642983721421,정기 렌탈 케어,"안녕하세요 #{수신자명}님,
 고객님이 신청하신 정기 렌탈 케어 서비스가 예정되어 있습니다.
 일정을 확인해주세요.
 
 ▶ 방문 예정일 : #{방문 예정일}
 ▶ 제품 : #{제품}
 
 일정을 변경하시려면 아래를 클릭해 주세요.",서비스이용,방문서비스,확인하기
,JOBER0411_1642983400613,문의 접수 완료 안내,"안녕하세요 #{수신자명} 고객님, 
 문의가 접수되었습니다.
 
 <신청 접수 내역>
 ▶접수자: #{접수자}
 ▶내용: #{내용}
 
 다른 문의가 있으실 경우 아래 버튼을 클릭해 주세요.",서비스이용,신청접수,확인하기
,JOBER0411_1642983424365,해지 신청 안내,"고객님의 해지 신청이 정상 접수되었습니다. 
 
 ▶해지 완료 예정일: #{해지 완료 예정일}
 
 ※ 해지 취소는 2일 이내 고객센터를 통해 가능합니다. 이후에는 해지가 진행되어 재계약을 원하시는 경우 신규 계약 신청이 필요하다는 점 유의하시기 바랍니다.",서비스이용,신청접수,신청하기
,JOBER0411_1642983544671,처리 완료 안내,"안녕하세요 #{수신자명}님,
 
 저희에 요청하신
 #{서비스} 처리를 완료하였습니다.
 
 지금 확인하시려면, 아래 버튼을 클릭해주세요.
 
 감사합니다.",서비스이용,이용안내/공지,확인하기
,JOBER0411_1642983575517,[제작 완료 안내},"안녕하세요입니다.
 제작을 완료하였으니 확인해 주세요!
 
 하단 ""확인하기"" 버튼을 누르시면 바로 확인이 가능하세요.
 
 ※ 상담 문의: 상담문의",서비스이용,이용안내/공지,확인하기
,JOBER0411_1642983609501,견적서 확정 알림,"#{수신자명}님 견적서 내역에서 주문하기 버튼을 클릭하시어 주문을 진행해 주시기 바랍니다.
 
 ▶견적번호: #{견적번호}
 ▶문의: #{문의}
 
 감사합니다.",서비스이용,이용도구,확인하기
,JOBER0411_1643015297050,신청 안내,"안녕하세요 #{수신자명}님,
 #{발신 스페이스}입니다.
 
 모바일로 아래 ""예약 접수하기"" 버튼을 클릭하여 간편하게 예약접수를 하실 수 있습니다. 금액은 #{금액}이며, 당일 수납해 주시면 됩니다.
 
 감사합니다.",서비스이용,신청접수,신청하기
,JOBER0411_1642991185285,주문 접수 완료 안내,"#{수신자명}님 주문접수가 완료 되었습니다.
 
 <주문정보>
 ▶주문품목: #{주문품목}
 ▶주문번호: #{주문번호}
 
 감사합니다.",서비스이용,신청접수,확인하기
,JOBER0411_1650508143218,만료 안내,"안녕하세요 #{수신자명}님, 입니다.
 
 #{수신자명} 고객님이 신청하신 #{서비스} 기간이 만료될 예정입니다.
 
 자세한 내용은 아래 ""자세히보기"" 버튼을 클릭해주세요.
 
 ※ 이 메시지는 고객님의 동의에 의해 전송되는 메시지입니다.",서비스이용,이용안내/공지,신청하기
,JOBER0411_1655974002509,휴무일 안내,"안녕하세요.
 휴무일 안내드립니다.
 
 ▶ 기간: #{기간}
 ▶ 예약안내: #{예약안내}",서비스이용,이용안내/공지,예약하기
,JOBER0411_1655974202612,보강 수업 확정 안내,"안녕하세요 #{수신자명}님,
 보강 수업이 확정 처리되었습니다.
 
 ▶ 수강자명 : #{수강자명}
 ▶ 보강수업 일자 : #{보강수업 일자}
 ▶ 보강수업 시간 : #{보강수업 시간}
 
 감사합니다.
 
 자세한 시간표는 아래 ""시간표 확인하기"" 를 클릭해주세요.",서비스이용,이용안내/공지,확인하기
,JOBER0411_1656052985637,고객 만족도 조사,"안녕하세요 #{수신자명}님, 
 더 나은 서비스를 위해 고객 만족도 조사를 진행하고자 합니다.
 아래 버튼을 눌러주시면 만족도 조사 페이지로 이동되오니, 많은 관심과 참여 부탁드립니다.",서비스이용,피드백 요청,자세히보기
,JOBER0411_1656053070112,신청 완료 안내,"안녕하세요 #{수신자명}님,
 신청이 완료 되었습니다.
 
 ▶ 신청 정보 : #{신청 정보}
 ▶ 신청자 : #{신청자}
 
 아래 버튼을 누르시면 자세한 사항을 확인하실 수 있습니다.",서비스이용,신청접수,확인하기
,JOBER0411_1656053359053,설문안내,"안녕하세요 #{수신자명}님,
 제품을 주문해주셔서 감사합니다.
 
 #{수신자명}님께 보다 나은 서비스를 제공하기 위해 #{수신자명}님의 의견을 공유해 주시면 이를 반영하여 개선된 서비스를 제공할 수 있도록 노력하겠습니다.
 
 소중한 의견 부탁드립니다.
 감사합니다.",서비스이용,피드백 요청,자세히보기
,JOBER0411_1655974377659,수강 신청 접수 완료 안내,"안녕하세요. #{수신자명}님,
 수강신청이 접수되었습니다.
 
 <수강 신청 내역>
 
 ▶ 수업과목 : #{수업과목}
 ▶ 수업일시 : #{수업일시}
 ▶ 수업기간 : #{수업기간}
 
 수업 시작 날짜 전까지 결제하셔야 수강이 가능합니다.
 감사합니다.",서비스이용,신청접수,확인하기
,JOBER0411_1655974466946,수선 완료 안내,"안녕하세요 #{수신자명} 고객님,
 요청하신 수선이 완료되었습니다.
 방문하여 의류를 회수해주세요.
 
 ▶ 고객명 : #{고객명}
 ▶ 수선품목 : #{수선품목}
 ▶ 영업시간 : #{영업시간}
 
 항상 #{발신 스페이스}을 이용해주셔서 감사합니다.",서비스이용,방문서비스,예약하기
,JOBER0411_1655975512508,시험 결과 안내,"#{수신자명}님의 #{시험명} 시험 결과가 발표되었습니다.
 홈페이지에 방문하여 시험 결과 확인 부탁드립니다.
 
 감사합니다.",서비스이용,이용안내/공지,확인하기
,JOBER0411_1655977200788,퇴실 알림,"안녕하세요. #{수신자명}님.
 퇴실 시간이 임박하여 안내드립니다.
 
 ▶ 지점 : #{지점}
 ▶ 아이디 : #{아이디}
 ▶ 퇴실 시간 : #{퇴실 시간}
 
 이용해 주셔서 감사합니다.",서비스이용,방문서비스,자세히보기
,JOBER0411_1655977357229,이용 안내,"안녕하세요 #{수신자명}고객님,
 이용 안내드립니다.
 
 ▶ 입실일 : #{입실일}
 ▶ 퇴실일 : #{퇴실일}
 ▶ 주의사항 :
 #{주의사항}
 
 주의사항 확인하시고 편안하게 이용해주세요.
 감사합니다.",서비스이용,이용안내/공지,확인하기
,JOBER0411_1655977584952,상담 신청 안내,"안녕하세요. #{수신자명}님.
 고객님의 상담 요청이 접수되었습니다.
 
 ▶ 접수일자 : #{접수일자}
 ▶ 상담사 : #{상담사}
 ▶ 상담일정 : #{상담일정}
 
 상담사가 배정되었습니다.
 감사합니다.",서비스이용,신청접수,신청하기
,JOBER0411_1655977744550,만족도 조사 안내,"안녕하세요. #{수신자명}고객님.
 오늘 구매하신 제품은 어떠셨나요?
 
 아래 설문조사를 통해 고객님의 솔직한 의견을 말씀해주세요.
 
 고객님의 소중한 의견을 통해 좀 더 나은 서비스를 제공하도록 하겠습니다.
 감사합니다.",서비스이용,피드백 요청,자세히보기
,JOBER0411_1656053806545,서비스 완료 알림,"안녕하세요 #{수신자명}님,
 고객님의 #{서비스}가 완료되었습니다.
 방문하셔서 찾아가주시기 바랍니다.
 
 항상 #{발신 스페이스}를 찾아주셔서 감사합니다.
 
 ▶ 찾아오시는 길: #{찾아오시는 길}",서비스이용,방문서비스,예약하기
,JOBER0411_1656053886788,방문 일정 안내,"안녕하세요 고객 서비스입니다. 
 고객 님께서 요청하신 방문 예약이 다음과 같이 접수되어 안내 드립니다.
 
 ▶주소: #{주소}
 ▶접수내용: #{접수내용}
 
 자세한 접수 내역을 보시려면 아래 버튼을 클릭해 주세요.",서비스이용,방문서비스,확인하기
,JOBER0411_1656224088442,시험 접수 완료 안내,"#{수신자명}님의 [#{시험명}] 시험 접수가 완료되었습니다. 시험 일정 및 장소 안내드리니, 확인하시고 착오 없이 시험 보시기 바랍니다.
 
 ▶ 시험 : #{시험}
 ▶ 시험일 : #{시험일}
 ▶ 시험장소 : #{시험장소}
 
 #{수신자명}님의 합격을 기원합니다.",서비스이용,신청접수,확인하기
,JOBER0411_1656224173114,퇴실 안내,"안녕하세요. #{수신자명}님.
 퇴실 안내해 드립니다.
 
 ▶ 이용자명 : #{이용자명}
 ▶ 퇴실 예정일 : #{퇴실 예정일}
 
 <퇴실 시 유의사항>
 #{유의사항}
 
 방문해주셔서 감사드리며, 좋은 시간 보내시기 바랍니다.",서비스이용,방문서비스,예약하기
,JOBER0411_1656224194665,면접 일정 안내,"안녕하세요. 지원해 주셔서 감사합니다.
 면접 일정 안내해 드리오니, 확인하시어 참석 부탁드립니다.
 
 ▶ 면접일 : #{면접일}
 ▶ 면접 시간 : #{면접 시간}
 ▶ 면접 장소 : #{면접 장소}
 
 추가 문의사항은 고객센터로 문의 부탁드립니다.
 감사합니다.",서비스이용,방문서비스,확인하기
,JOBER0411_1656223887074,수선 완료 알림,"안녕하세요 #{수신자명} 고객님,
 수선이 완료되었습니다.
 
 ▶ 수선품목 : #{수선품목}
 ▶ 전화번호 : #{전화번호}
 ▶ 영업시간 : #{영업시간}
 
 언제나 최고의 서비스를 제공하겠습니다.
 항상 #{영업시간}을 이용해주셔서 감사합니다.",서비스이용,방문서비스,자세히보기
,JOBER0411_1656320607735,휴강 안내,"안녕하세요 #{수신자명}님,
 강의의 휴강 안내해 드립니다.
 
 ▶ 휴강일 : #{휴강일}
 
 위 기간내 모든 강의가 휴강되며 #{일자}부터 정상적인 수업이 진행됩니다.
 강의 시간표는 홈페이지에서 확인해주세요.",서비스이용,이용안내/공지,확인하기
,JOBER0411_1656222825275,티켓 안내,"안녕하세요 #{수신자명}님,
 티켓 발급이 완료되어 사용 방법 안내해 드립니다.
 
 ▶ 티켓명 : #{티켓명}
 ▶ 사용 기간 : #{사용 기간}
 ▶ 티켓 번호 : #{티켓 번호}
 ▶ 사용 방법 : #{사용 방법}
 
 ※ 시용 기간이 지나면 티켓 사용은 불가합니다.
 
 ※ 이 메시지는 구매하신 티켓 발급 안내 메시지입니다.",서비스이용,이용안내/공지,자세히보기
,JOBER0411_1656222883571,정기 검진 안내,"안녕하세요입니다.
 님께서 요청하신 정기검진 시기 안내입니다.
 정기적인 검진으로 건강 관리하세요.
 
 ▶ 검진일 : 
 ▶ 전화번호 : 
 
 검진 신청은 홈페이지에서 진행해주세요.
 
 감사합니다.",서비스이용,이용안내/공지,신청하기
,JOBER0411_1656223287484,신청 샘플 안내,"안녕하세요 #{수신자명}님,
 경험해보신 샘플은 어떠셨나요?
 어제 신청하신 샘플 안내드립니다.
 
 ▶샘플이름: #{샘플이름}
 ▶수령가능기간: #{수령가능기간}
 
 사용하신 샘플을 이용하시고, 후기를 남겨주시면 소정의 혜택을 지급해드립니다.
 
 ▶ 혜택 : #{혜택}
 
 감사합니다.
 
 ※ 이 메시지는 샘플 안내를 신청하신 회원님들께 지급해드리는 혜택 안내 메시지입니다.",서비스이용,이용안내/공지,신청하기
,JOBER0411_1656223323350,대기 순서 안내,"안녕하세요 #{수신자명}님,
 현재 대기 시간은 #{대기시간}시간 입니다.
 
 ▶ 접수 번호 : #{접수 번호}
 ▶ 상담 신청 내용 : #{상담 신청 내용}
 
 근처에서 대기해 주시기바랍니다.
 
 순서 호출시 자리에 없을 경우 예약이 취소될 수 있습니다.",서비스이용,방문서비스,신청하기
,JOBER0411_1656223358013,배차 안내,"배차 결과 안내해 드립니다.
 
 ▶ 출발지 및 도착지 : #{출발지 및 도착지}
 ▶ 기사님 연락처 : #{기사님 연락처}
 ▶ 요금 : #{요금}
 
 이용해주셔서 감사합니다.",서비스이용,방문서비스,자세히보기
,JOBER0411_1656223388435,반납 알림,"안녕하세요. 발신 스페이스입니다.
 수신자명님이 대여하신 대여물품가 아직 반납이 되지 않아 연락드립니다.
 
 ▶ 대여 물품 : 대여물품
 ▶ 반납 기한 : 반납 기한
 
 반납 기한이 지나지 않게 반납해주시기 바랍니다.
 감사합니다.",서비스이용,방문서비스,자세히보기
,JOBER0411_1656305142514,공연 안내,"안녕하세요 #{수신자명} 고객님,
 구매하신 티켓이 발급 완료되어 안내해 드립니다.
 
 ▶ 공연명 : #{공연명}
 ▶ 공연 일시 : #{공연 일시}
 ▶ 티켓 번호 : #{티켓 번호}
 ▶ 유의 사항 : #{유의 사항}
 
 공연 일시 및 유의 사항을 확인하시고 즐거운 관람되세요~
 
 감사합니다.",서비스이용,이용안내/공지,확인하기
,JOBER0411_1656222733078,문의 접수 안내,"안녕하세요 #{수신자명}님, 
 문의가 정상적으로 접수되었습니다.
 
 ▶ 문의서 제목 : #{문의서 제목}
 ▶ 문의 내용 : #{문의 내용}
 ▶ 답변 예정일 : #{답변 예정일}
 
 최대한 빠른 시일 내에 답변하도록 노력하겠습니다. 감사합니다.",서비스이용,이용안내/공지,신청하기
,JOBER0411_1656222762173,문의 답변 완료 안내,"안녕하세요 #{수신자명}님,
 상담문의에 답변이 등록되었습니다.
 
 ▶ 문의 제목 : #{문의 제목}
 ▶ 상담사 : #{상담사}
 ▶ 답변 내용 : #{답변 내용}
 
 자세한 답변 내용은 홈페이지에서 확인해주세요.",서비스이용,이용안내/공지,확인하기
,JOBER0411_1656222366020,참가 일정 안내,"안녕하세요 #{수신자명}님,
 신청하신 일정을 안내해 드립니다.
 
 ▶ 신청일 : #{신청일}
 ▶ 참가일 : #{참가일}
 ▶ 참가 시 주의사항 : 홈페이지에서 신청해주세요.
 
 ※ 이 메시지는 신청하신 회원들에게 전송되는 1회성 메시지입니다.",서비스이용,이용안내/공지,신청하기
,JOBER0411_1656221606280,인증 번호 알림,"인증 번호 안내해 드립니다.
 
 아래 인증 번호를 입력해주세요.
 
 ▶ 인증 번호 : #{인증 번호}",서비스이용,이용안내/공지,자세히보기
,JOBER0411_1656054086308,휴무 안내,"안녕하세요 #{수신자명}님, 
 휴무일 안내드립니다.
 
 ▶ 휴무기간: #{휴무기간}",서비스이용,이용안내/공지,자세히보기
,JOBER0411_1656222300068,이용권 안내,"안녕하세요 #{수신자명}님,
 이용권이 지급되었습니다.
 
 ▶ 이용권 : #{이용권}
 ▶ 혜택 : #{혜택}
 ▶ 유효기간 : #{유효기간}
 
 ※ 이 메시지는 고객님의 구매에 의해 지급된 이용권 안내 메시지입니다.",서비스이용,이용안내/공지,자세히보기
,JOBER0411_1656222333455,매장 이전 안내,"안녕하세요 #{수신자명}님,
 고객님께서 문의하신 매장 이전 안내드립니다.
 보다 나은 서비스 제공을 위하여 매장을 이전하였습니다.
 
 ▶ 매장 위치 : #{매장 위치}
 
 ※ 중단 기간 및 내용은 상황에 따라 변경될 수 있습니다.
 
 저희을 이용해주시는 고객님들께 감사드리며, 더욱 노력하는이 되겠습니다.",서비스이용,이용안내/공지,자세히보기
,JOBER0411_1656222905540,진료 예약 알림,"안녕하세요.
 #{수신자명}님 #{진료명} 진료 예약일입니다.
 
 진료일 내원하여 면담이 필요합니다.
 
 * 내원 전 연락주시면 진료시간 안내드리겠습니다.
 
 <이용 안내>
 ▶ 운영 시간 : #{운영 시간}
 ▶ 정기 휴진일 : #{정기 휴진일}
 
 감사합니다.",서비스이용,이용안내/공지,예약하기
,JOBER0411_1638843425889,방송 알림,"안녕하세요 #{수신자명}님,
 고객님께서 신청하신 방송이 지금 시작합니다.
  
 ▶ 방송명 : #{방송명}
 ▶ 방송 시작 시간 : #{방송 시작 시간}
  
 ※ 신청하신 방송은 운영에 따라 시간 혹은 내용이 변경될 수 있습니다.
 ※ 신청하신 시간에 라이브로 진행되며, 라이브가 종료된 후에는 녹화된 방송으로 확인하실 수 있습니다.",서비스이용,이용안내/공지,확인하기
,JOBER0411_1642744825468,일정 변경 알림,"안녕하세요입니다.
 님 서비스 일정 변경 안내드립니다.
 
 ▶변경사항",서비스이용,이용안내/공지,자세히보기
,JOBER0411_1642744711535,배정 완료 알림,"안녕하세요, 발신 스페이스입니다.
 수신자명님 서비스 확정 안내드립니다.
 
 ▶주소 : 주소
 
 자세한 서비스 예약 내역은 아래 버튼을 클릭해 주세요.",서비스이용,이용안내/공지,확인하기
,JOBER0411_1656220720986,사내 일정 알림,"안녕하세요 #{수신자명}님,
 사내 일정을 알려드리오니, 일정 및 내용을 확인하시고 해당 되는 임직원 분들은 참여해주시기 바랍니다.
 
 ▶ 일정명 : #{일정명}
 ▶ 일시 : #{일시}
 ▶ 상세 내용: #{상세 내용}
 
 ※ 이 메시지는 임직원들 대상으로 전송되는 메시지입니다.",서비스이용,이용안내/공지,확인하기
,JOBER0411_1643014737054,서비스 신청,"[#{서비스} 신청]
 
 #{수신자명}님 #{서비스} 신청이 접수되었습니다.
 아래 정보를 확인하시고 일치하지 않는 경우 문의해주세요.
 
 <상품정보>
 ▶상품명: #{상품명}
 ▶신청일자: #{신청일자}
 
 <신청자 정보>
 #{신청자 정보}",서비스이용,신청접수,확인하기
,JOBER0411_1642989895930,서비스 신청 완료,"서비스 신청이 성공적으로 완료되었습니다.
 신청하신 동네에 서비스가 오픈되면 카카오 알림 톡으로 안내해 드릴게요.",서비스이용,이용안내/공지,신청하기
,JOBER0411_1642989982858,예약 신청 완료,"#{서비스} 신청이 완료되었습니다.
 
 당첨자는 #{당첨자발표}부터 개별 연락드릴 예정입니다.
 신청 내역 변경 또는 취소 원하시는 분들은 반드시 신청 기간 내 예약 취소 및 재 신청 바랍니다.
 
 ▶신청 기간 : #{신청 기간}
 ▶당첨자 발표 : #{당첨자 발표}부터 당첨자 개별 연락",서비스이용,신청접수,확인하기
,JOBER0411_1642990226810,[결제 미리 알림},"무료 사용기간이 만료 예정입니다.
 
 일 후부터는 유료로 전환되며, 매월 같은 날짜에 원이 결제될 예정입니다.
 
 문의사항이 있을 경우, 게시판 또는 카카오톡 채널로 접수 부탁드립니다.",서비스이용,이용안내/공지,신청하기
,JOBER0411_1642990538500,서비스 신청완료,"[템플릿 내용]
 [서비스 신청완료]
 
 #{수신자명}님 #{서비스} 신청이 완료되었습니다.
 아래 정보를 확인해주세요.
 
 <상품정보>
 ▶상품명: #{상품명}
 ▶이용기간: #{이용기간}
 
 <유의사항>
 #{유의사항}",서비스이용,신청접수,확인하기
,JOBER0411_1642990588948,서비스 신청취소,"[#{서비스} 신청취소]
 
 #{수신자명}님 신청이 취소 완료되었습니다.
 아래 정보를 확인해주세요.
 
 <상품정보>
 ▶상품명: #{상품명}
 ▶취소일자: #{취소일자}
 
 <신청자 정보>
 #{신청자 정보}",서비스이용,이용안내/공지,확인하기
,JOBER0411_1642743562252,방문 예정 안내,"안녕하세요, 발신 스페이스입니다.
 내일 주소에 매니저명 매니저님이 방문 드려
 서비스 예정입니다.
 
 문의사항은 아래 버튼을 클릭해 주세요.",서비스이용,방문서비스,예약하기
,JOBER0411_1642743608340,서비스 일정 안내,"안녕하세요 #{수신자명}님,
 서비스 시작 #{분} 전 입니다.
 서비스 내용을 확인해주세요.
 
 <신청 내역>
 ▶사용 서비스: #{사용 서비스}
 ▶서비스 금액: #{서비스 금액}
 
 문의사항은 아래 버튼을 클릭해 주세요.",서비스이용,신청접수,확인하기
,JOBER0411_1642988450322,일정 안내,"#{수신자명}님, 환영합니다.
 #{발신 스페이스}일차 일정 안내드리겠습니다.
 
 ▶참석일 : #{참석일}
 (코로나 결과 확인 후 출근)
 ▶장소 : #{장소}
 ▶준비물 : 신분증, 통장 사본(사진 가능)",서비스이용,이용안내/공지,확인하기
,JOBER0411_1643014796040,서비스 알림,"고객님,
 예약하신 서비스가 내일 진행될 예정입니다.
 원활한 서비스 진행을 위해 서비스 일정과 주소를 다시 한번 확인해 주세요.
 
 ▶일정: #{일정}
 ▶주소: #{주소}
 
 감사합니다.",서비스이용,이용안내/공지,확인하기
,JOBER0411_1656053044514,예약 확정 안내,"안녕하세요 #{수신자명}님,
 예약이 확정 처리되었습니다.
 
 [예약정보]
 - 예약자명 : #{예약자명}
 - 예약일자 : #{예약일자}
 - 주소 : #{주소}
 
 [코로나19 출입 안내사항]
 출입 시 발열검사 및 코로나 문진을 시행합니다. 
 출입에 대기가 발생할 수 있으므로 예약 시간 10분 전까지 미리 방문해 주시길 부탁드립니다.
 
 자세한 정보는 아래의 버튼을 누르시면 확인하실 수 있습니다.",서비스이용,이용안내/공지,확인하기
,JOBER0411_1655977006745,상담원 변경 안내,"안녕하세요. #{수신자명} 고객님.
 배정된 상담원이 변경되어 안내드립니다.
 빠른 시일 내에 연락드리겠습니다.
 
 ▶ 배정 상담원 안내
 - 이름 : #{상담원명}
 - 전화번호 : #{전화번호}
 
 감사합니다.",서비스이용,방문서비스,예약하기
,JOBER0411_1656224147368,상담원 배정 안내,"안녕하세요. #{수신자명} 고객님.
 신청하신 상담의 상담원이 배정되었습니다.
 상담원 변경을 원하실 경우, 연락 부탁드립니다.
 
 <배정 상담원 안내>
 ▶ 상담원 : #{상담원}
 ▶ 전화번호 : #{전화번호}
 
 고객님의 상담을 위하여 빠른 시일 내에 전화 드릴 예정입니다.
 감사합니다.",서비스이용,방문서비스,신청하기
,JOBER0411_1656220947836,상담 예약 안내,"안녕하세요 #{수신자명}고객님.
 상담이 정상적으로 신청되었으며, 문의주셨던 상담에 만족할 수 있도록 항상 최선을 다하겠습니다.
 
 ▶ 상담 일정 : #{상담 일정}
 ▶ 상담사 : #{상담사}
 ▶ 문의 내용 : #{문의 내용}
 
 추가 궁금하신 문의사항은 대표번호로 연락 주시거나 홈페이지를 통해 문의 내용 남겨주시면 최대한 빠르게 답변드리겠습니다.
 
 감사합니다.",서비스이용,신청접수,신청하기
,JOBER0411_1656221020780,미내원 안내,"#{수신자명}님. 발신 스페이스입니다.
 예약일 #{일자}에 미내원이십니다.
 문의 후 내원 부탁드립니다.
 
 ▶ 예약 문의 : #{예약 문의}
 ▶ 오시는 길 : #{오시는 길}
 
 감사합니다.
 - 발신 스페이스 -",서비스이용,방문서비스,예약하기
,JOBER0411_1638770390583,인증안내,"안녕하세요 #{수신자명}님,
 인증이 정상적으로 처리 되었습니다.
 감사합니다.",서비스이용,이용안내/공지,자세히보기
,JOBER0411_1638780149082,정보 수정 완료 안내,"안녕하세요 #{수신자명}님, 
 고객정보 변경이 정상적으로 완료되었습니다.
 변경내용을 다시 한 번 확인하시고 오늘도 즐거운 하루 되세요.
 
 감사합니다.",서비스이용,이용안내/공지,확인하기
,JOBER0411_1656220830828,접수 완료 안내,"#{수신자명} 회원님이 신청하신 #{서비스} 접수가 완료되어 일정 및 참여 방법 안내드립니다.
 
 ▶ 참여자 : #{참여자}
 ▶ 일정 : #{일정}
 ▶ 참여 방법 : #{참여 방법}
 
 참여 방법에 대한 자세한 내용은 홈페이지에서 확인해주세요.",서비스이용,신청접수,확인하기
,JOBER0411_1656220896747,체험 신청 완료,"#{수신자명}님, 안녕하세요입니다.
 참여해 주신 체험단에 선정되어 안내해 드립니다.
 
 ▶ 체험 일정 : #{체험 일정}
 ▶ 체험 내용 : #{체험 내용}
 
 체험 일정과 내용을 확인하시고, 즐거운 시간 되시길 바랍니다.
 
 체험 후 만족스러우셨으면, 홈페이지에 후기를 남겨주세요.
 감사합니다.",서비스이용,이용안내/공지,확인하기
,JOBER0411_1638770286662,본인 인증,"#{수신자명}님의 인증번호는 #{인증번호}입니다.
 본인 확인을 위해 인증번호를 화면에 입력해 주세요.
 
 ▶ 고객센터 안내
 #{고객센터 전화번호} (평일 및 토요일 오전 9시 ~ 오후 6시)",서비스이용,이용안내/공지,확인하기
,JOBER0411_1642750626753,수신 거부 처리 완료,"안녕하세요 #{수신자명} 고객님,
 입니다.
 요청하신 수신거부 관련 처리 결과를 안내드립니다.
 
 ▶처리 날짜: #{처리 날짜}
 ▶처리 내용: #{처리 내용}
 
 감사합니다.",서비스이용,이용안내/공지,자세히보기
,JOBER0411_1655973696110,결제 수단 등록,"결제수단이 등록되었습니다.
 
 ▶ 회원명 : #{회원명}
 ▶ 등록 결제수단 : #{등록 결제수단}
 
 본인이 아니시면 #{고객센터번호}로 문의해 주세요.",서비스이용,이용안내/공지,신청하기
,JOBER0411_1656223782723,가입 알림,"안녕하세요. #{수신자명} 고객님.
 가입을 감사드리며, 이용 안내해 드립니다.
 
 ▶ 아이디 : #{아이디}
 ▶ 이용 시간 : #{이용 시간}
 ▶ 문의 시간 : #{문의 시간}
 
 상세한 내용은 홈페이지에서 확인해주세요.
 감사합니다.",서비스이용,이용안내/공지,확인하기
,JOBER0411_1656221772934,등급 안내,"안녕하세요 #{수신자명} 고객님.
 지금 변경된 등급을 확인하고, 주요 혜택 확인해보세요!
 
 ▶ #{월}월 회원 등급 : #{회원 등급}
 
 등급별로 다양한 회원 혜택을 확인해 보세요.
 
 ※ 이 메시지는 고객님의 동의에 의해 전송되는 메시지입니다.",서비스이용,이용안내/공지,확인하기
,JOBER0411_1656221800097,등급 혜택 안내,"안녕하세요 #{수신자명} 고객님,
 고객님의 월 등급이 상향되었습니다.
 
 ▶ 등급 : #{등급}
 
 지금 바로 등급 혜택을 확인해 보세요!
 
 고객센터 : #{고객센터}
 
 ※ 이 메시지는 고객님의 동의에 의해 전송되는 메시지입니다.",서비스이용,이용안내/공지,확인하기
,JOBER0411_1655797610883,예약금 안내,"안녕하세요 #{수신자명}님,
 에 예약해 주셔서 감사합니다.
 예약하신 날짜와 예약금 안내 드립니다.
 
 ▶ 예약일 : #{예약일}
 ▶ 예약금 : #{예약금}
 
 예약금을 입금하시면 예약이 확정됩니다.
 결제 기한까지 예약금을 입금하지 않으시면 예약이 취소됩니다.
 
 자세한 내용은 홈페이지에서 확인해주세요.",예약,예약완료,확인하기
,JOBER0411_1655797695849,예약금 미입금 알림,"안녕하세요 #{수신자명}님,
 예약하신 날짜의 예약금이 입금되지 않아 안내 드립니다.
 입금 마감 시간까지 입금이 되지 않으면 예약이 취소됩니다.
 
 ▶ 예약금 : #{예약금}
 ▶ 입금 계좌번호 : #{입금 계좌번호}
 ▶ 입금 기한 : #{입금 기한}
 
 감사합니다.",예약,예약완료,예약하기
,JOBER0411_1638782990106,모바일 예약 안내,"안녕하세요 #{수신자명}님,
 요청하신 모바일로 예약하실 수 있는 링크주소를 보내드립니다.
 
 예약 접수 비용은 #{접수비용}원이며, 
 방문 당일 수납해 주시면 됩니다.
 
 감사합니다.",예약,예약상태,신청하기
,JOBER0411_1642983297510,신청 접수 안내,"원하시는 요청을 전달 완료했습니다.
 
 ▶요청하신 날짜/시간: #{요청하신 날짜/시간}
 ▶요청 내용: #{요청 내용}
 ▶성함: #{성함}
 
 요청을 수락하면, 요청하신 일정으로 예약됩니다.
 감사합니다.",예약,예약완료,신청하기
,JOBER0411_1642983222191,서비스 예약 확정,"안녕하세요. 발신 스페이스 입니다.
 수신자명님의 서비스 예약 확정 안내 드립니다.
 
 <예약내역>
 ▶주소: 주소
 ▶서비스 날짜/시간: 서비스 날짜/시간
 
 문의사항은 아래 버튼을 클릭해 주세요.",예약,예약완료,확인하기
,JOBER0411_1656222932956,수술 예약 안내,"안녕하세요 #{수신자명}님,
 수술 예약 안내드립니다.
 
 ▶ 수술 날짜 : #{수술 날짜}
 ▶ 수술명 : #{수술명}
 ▶ 주의 사항 : #{주의 사항}
 
 전달해드린 주의사항을 꼭 준수하시고 예약일에 뵙겠습니다.
 
 방문 전 궁금하신 사항은 언제든 답변해드리겠습니다. 감사합니다.",예약,예약완료,예약하기
,JOBER0411_1656222395111,상담 시간 변경 안내,"안녕하세요 #{수신자명}님,
 상담 예약 시간이 변경 되어 안내해 드립니다.
 
 ▶ 변경된 상담일시 : #{변경된 상담일시}
 ▶ 전화 번호 : #{전화 번호}
 ▶ 상담 내용 : #{상담 내용}
 
 일정에 착오 없으시길 바랍니다.
 감사합니다.",예약,예약완료,예약하기
,JOBER0411_1638768726068,사내 예약 알림,"안녕하세요 #{수신자명}님,
 예약이 발생했습니다.
 
 ▶ 예약 번호: #{예약 번호}
 ▶ 예약자: #{예약자}
 ▶ 상품명: #{상품명}
 
 예약 상세 내역은 홈페이지에서 확인하실 수 있습니다.
 예약 내역을 빨리 파악할수록 고객 응대에 도움이 됩니다.
 
 오늘도 즐거운 하루 되세요.",예약,예약완료,확인하기
,JOBER0411_1642744623496,서비스 예약 접수 안내,"서비스 예약이 접수되었습니다.
 관리자 페이지에서 예약을 승인해 주세요.",예약,예약상태,신청하기
,JOBER0411_1642744650735,서비스 예약 확정 안내,"서비스 예약이 확정되었습니다.
 관리자 페이지에서 예약 내용을 확인해 주세요.",예약,예약완료,확인하기
,JOBER0411_1642744679655,서비스 예약 취소 안내,"서비스 예약이 취소되었습니다.
 관리자 페이지에서 취소된 예약 내용을 확인해 주세요.",예약,예약취소,확인하기
,JOBER0411_1643014814492,고객 예약 취소,"▶예약번호 : #{예약번호}
 ▶예약자 : #{예약자}
 ▶예약 일정 : #{예약 일정}
 
 예약 상세 내역은 홈페이지에서 로그인 후 확인하실 수 있습니다.",예약,예약완료,확인하기
,JOBER0411_1643014719735,예약 요청 완료,"고객님,
 소중한 예약이 요청 완료되었습니다.
 
 ▶예약번호: #{예약번호}
 ▶요청 서비스: #{요청 서비스}
 ▶주소: #{주소}
 
 빠른 시일 내 상담원이 예약 관련 안내드릴 예정입니다.
 
 *주말/공휴일은 상담이 진행되지 않습니다.",예약,예약완료,예약하기
,JOBER0411_1642989079191,설명회 예약 완료,"[설명회 예약 완료]
 
 2022년도
 설명회 예약이 되셨습니다.
 
 ▶일시: #{일시}
 ▶주소: #{주소}
 
 문의는 아래를 눌러 주세요.
 감사합니다.",예약,예약완료,예약하기
,JOBER0411_1642989858115,예매 완료 안내,"고객님, 예매가 완료 되었습니다.
 
 ▶상품명: #{상품명}
 ▶예매일자: #{예매일자}
 ▶예매번호: #{예매번호}",예약,예약완료,자세히보기
,JOBER0411_1643014658408,예약 완료,"강의가 예약되었습니다.
 
 ▶예약 날짜와 시간: #{예약 날짜와 시간}
 ▶강사 이름: #{강사 이름} 님
 
 감사합니다.",예약,예약완료,예약하기
,JOBER0411_1643014699200,예약 확정,"고객님,
 확정된 예약 정보를 확인해 주세요.
 
 ▶요청 서비스: #{요청 서비스}
 ▶서비스 일시: #{서비스 일시}
 ▶담당: #{담당}
 
 서비스 취소를 원하신다면 아래의 예약확인을 통해 취소 신청 부탁드립니다.",예약,예약상태,확인하기
,JOBER0411_1643014630128,[예약 완료 안내},"시험장 사용신청 예약이 승인되었습니다.
 
 ▶예약번호 : #{예약번호}
 ▶시험자 : #{시험자}
 ▶시험 일자 : #{시험 일자}
 ▶예약 시험장 : #{예약 시험장}",예약,예약완료,신청하기
,JOBER0411_1642728014824,사전등록 취소,"#{수신자명}님의 사전등록이 취소 되었습니다.
 
 ▶예약자 : #{예약자}
 ▶사전등록물품 : #{사전등록물품}
 
 을 이용해주셔서 감사합니다.",예약,예약취소,신청하기
,JOBER0411_1642728538190,방문 예약 취소 안내,"안녕하세요 #{수신자명}님,
 요청하신 방문 예약이 #{취소 사유}로 인하여 거절되었습니다.
 
 ▶예약 장소 : #{예약 장소}
 ▶일시 #{취소일시}
 
 다시 예약하시려면 아래를 클릭해 주세요.",예약,예약취소,예약하기
,JOBER0411_1642990862158,서비스 취소 안내,"안녕하세요, #{수신자명}님,
 아래 서비스가 취소되었습니다.
 
 <예약 내역>
 ▶서비스명: #{서비스명}
 ▶서비스 날짜/시간 : #{서비스 날짜/시간}
 ▶서비스 금액: #{서비스 금액}
 
 문의사항은 아래를 클릭해 주세요.",예약,예약취소,확인하기
,JOBER0411_1642990902557,일정 취소 안내,"안녕하세요, #{수신자명}님,
 일정 취소 안내드립니다.
 
 ▶일정: #{일정}
 ▶날짜/시간: #{날짜/시간}
 
 일정에 착오 없으시길 바랍니다.
 
 문의사항은 아래를 클릭해 주세요.",예약,예약취소,자세히보기
,JOBER0411_1643091195749,결제 요청 안내,"고객님
 스페이스입니다.
 
 이 미결제로 인해 예약이 완료되지 않았습니다.
 
 자세한 예약 내역을 확인하시려면 아래 ""내역 확인하기"" 버튼을 눌러주세요.",예약,예약상태,확인하기
,JOBER0411_1642743517077,예매 취소 안내,"고객님, 예매가 취소되었습니다.
 ▶예매 상품명: #{예매 상품명}
 ▶예매번호 : #{예매번호}
 ▶취소일자: #{취소일자}
 
 예약내역을 보시러면 아래 버튼을 클릭해주세요.
 감사합니다.",예약,예약취소,확인하기
,JOBER0411_1656053121245,예약 상태 안내,"안녕하세요 #{수신자명}님,
 고객님이 신청하신 #{예약명}이 #{예약상태} 상태입니다.
 
 ▶ 예약명 : #{예약명}
 ▶ 예약일정 : #{예약일정}
 
 자세한 내용을 확인하시려면 아래 버튼을 눌러주세요.",예약,예약상태,확인하기
,JOBER0411_1656053329898,예약 취소 안내,"안녕하세요 #{수신자명}님,
 고객님의 예약이 취소되었습니다.
 
 ▶ 예약명 : #{예약명}
 ▶ 예약 번호 : #{예약 번호}
 ▶ 취소 사유 : #{취소 사유}
 
 감사합니다.",예약,예약취소,예약하기
,JOBER0411_1655797774049,예약 취소 알림,"안녕하세요 #{수신자명}님입니다.
 입금 마감 시간까지 예약금이 입금되지 않아 예약이 취소되었습니다.
 재예약을 원하실 경우 홈페이지에서 다시 예약 부탁드립니다.
 
 감사합니다.",예약,예약취소,예약하기
,JOBER0411_1655976825874,금일 진료 예약 안내,"#{수신자명}님 안녕하세요. 오늘은 예약하신 진료일입니다.
 
 ▶ 진료 일시 : #{진료 일시}
 
 예약 변경을 원하시면 아래 전화로 연락 부탁드립니다.
 #{전화 번호}",예약,예약완료,예약하기
,JOBER0411_1655977065217,예약 변경 안내,"안녕하세요. #{수신자명}님,
 #{발신 스페이스}입니다.
 
 #{수신자명}님의 예약이 변경되었습니다.
 ▶ 변경 예약 일시 : #{변경 예약 일시}
 
 감사합니다.",예약,예약상태,예약하기
,JOBER0411_1655976704547,영상상담 예약안내,"#{수신자명}님의 영상상담이 예약되었습니다.
 아래 예약 정보를 확인해주세요.
 
 ▶ 예약자명 : #{예약자명}
 ▶ 상담일시 : #{상담일시}
 ▶ 전화번호 : #{전화번호}
 
 예약된 시간에 맞춰 상담에 참여해주시기 바랍니다.
 감사합니다.",예약,예약완료,확인하기
,JOBER0411_1655976746753,전화상담 예약안내,"#{수신자명}님의 전화상담이 예약되었습니다.
 아래 예약 정보를 확인해주세요.
 
 ▶ 예약자명 : #{예약자명}
 ▶ 상담일시 : #{상담일시}
 ▶ 전화번호 : #{전화번호}
 
 상담일시에 #{상담번호} 번호로 상담 진행해주세요.
 감사합니다.",예약,예약완료,확인하기
,JOBER0411_1655976788376,진료 예약 안내,"진료 예약이 완료되었습니다.
 
 ▶ 성명 : #{성명}
 ▶ 진료 일시 : #{진료 일시}
 
 예약일에 내원이 어려우신 경우 다른 환자 분들을 위해 전화 부탁드립니다.
 
 [진료 시간 안내]
 #{진료 시간}",예약,예약완료,예약하기
,JOBER0411_1656053464609,예약 알림,"안녕하세요 #{수신자명}님,
 #{예약일} 은 고객님 예약일입니다.
 예약시간 변경 시 미리 연락주시기 바랍니다.
 
 감사합니다.",예약,예약완료,예약하기
,JOBER0411_1656221076935,예약 변경,"안녕하세요 #{수신자명}님,
 변경된 예약 정보 안내해 드립니다.
 
 ▶ 예약자 : #{예약자}
 ▶ 이전 예약일 : #{이전 예약일}
 ▶ 예약 변경일시 : #{예약 변경일시}
 
 예약 취소 또는 변경사항이 있으실 경우 아래의 번호로 연락 부탁드립니다.
 
 ▶ 문의 : #{문의}",예약,예약완료,확인하기
,JOBER0411_1656053946193,예약 안내,"안녕하세요 #{수신자명}님,
 고객님의 예약 정보를 안내해드립니다.
 
 ▶ 예약자명: #{예약자명}
 ▶ 예약일시: #{예약일시}
 ▶ 관련문의: #{관련문의}
 ▶ 주소: #{주소}
 
 변경사항이 있으신 경우 24시간 전까지 연락 부탁드리며, 
 예약시간에 늦지 않게 방문 부탁드립니다.
 
 감사합니다.",예약,예약완료,확인하기
,JOBER0411_1656219580641,예약 취소,"안녕하세요 #{수신자명}님,
 #{수신자명}님의 예약이 취소되었습니다.
 
 ▶ 예약명 : #{예약명}
 ▶ 취소된 예약 일시 : #{예약 일시}
 
 편하신 시간에 연락 주시면 예약 도와드리겠습니다.
 감사합니다.",예약,예약취소,예약하기
,JOBER0411_1656219614591,스케줄 변동 알림,"안녕하세요. 
 #{수신자명}님 예약 일정이 변경 되어 안내해 드립니다.
 변경된 일정을 확인하시고 착오 없으시기 바랍니다.
 
 <예약 시간 안내>
 ▶ 변경 전 예약 시간 : #{변경 전 예약 시간}
 ▶ 변경 된 예약 시간 : #{변경 된 예약 시간}
 
 예약 시간을 변경하시고 싶으신 경우에는 고객센터 또는 홈페이지에 문의 부탁드립니다.
 감사합니다.",예약,예약완료,확인하기
,JOBER0411_1656222121831,응모권 발급 안내,"안녕하세요 #{수신자명}님,
 신청하신 응모권이 발급되었습니다.
 유효기간 이내에 응모해보세요!
 
 ▶ 응모권 : #{응모권}
 ▶ 유효 기간 : #{유효 기간}
 ▶ 사용 방법 : #{사용 방법}
 
 응모 결과 및 기타 문의 사항은 홈페이지에서 확인해주세요.
 
 ※ 이 메시지는 신청하신 응모권 지급 안내 메시지입니다.",쿠폰/포인트,쿠폰발급,확인하기
,JOBER0411_1655797963400,회원 가입 안내,"안녕하세요. #{수신자명} 고객님.
 회원가입과 함께 즉시 사용 가능한
 쿠폰이 발급되었습니다.
 
 오직 #{발신 스페이스}에서만 만날 수 있는 제품들을 확인해보세요.
 
 감사합니다.
 
 ▶ 쿠폰명 : #{쿠폰명}
 ▶ 유효기간 : #{유효기간}
 
 ※ 이 메시지는 고객님의 동의에 의해 지급된 쿠폰 안내 메시지입니다.",쿠폰/포인트,쿠폰발급,확인하기
,JOBER0411_1655973299144,무료배송 쿠폰 발급 안내,"안녕하세요, #{수신자명}고객님.
 배송비 무료 쿠폰이 지급되었습니다.
 보유한 쿠폰의 사용가능일자를 안내드리니, 쿠폰을 사용해보세요.
 
 ▶ 쿠폰명 : #{쿠폰명}
 ▶ 쿠폰 유효기간 : #{쿠폰 유효기간}
 ▶ 쿠폰 사용방법 : #{쿠폰 사용방법}
 
 ※ 쿠폰 유효기간이 지나면 사용이 불가합니다.
 ※ 이 메시지는 고객님의 동의에 의해 지급된 쿠폰 안내 메시지입니다.",쿠폰/포인트,쿠폰발급,자세히보기
,JOBER0411_1655973504662,구매 감사 쿠폰 발급 안내,"안녕하세요, #{수신자명}고객님.
 첫 구매를 완료해주신 고객님께 구매 감사 쿠폰이 지급되었습니다.
 지급된 쿠폰의 유효기간 및 사용 방법 안내드립니다.
 
 ▶ 쿠폰명 : #{쿠폰명}
 ▶ 쿠폰 유효기간 : #{쿠폰 유효기간}
 ▶ 쿠폰 사용방법 : #{쿠폰 사용방법}
 
 ※ 쿠폰 유효기간이 지나면 사용이 불가합니다.
 ※ 이 메시지는 고객님의 동의에 의해 지급된 쿠폰 안내 메시지입니다.",쿠폰/포인트,쿠폰발급,자세히보기
,JOBER0411_1656223692051,멤버십 가입 완료,"안녕하세요. #{수신자명}님,
 멤버십에 가입 완료되었습니다.
 
 ▶ 멤버십 : #{멤버십}
 ▶ 가입일 : #{가입일}
 ▶ 멤버십 혜택 안내 : #{멤버십 혜택 안내}
 
 언제든 궁금한 사항이 있다면 홈페이지에 문의해주세요.
 
 감사합니다.",회원,회원가입,자세히보기
,JOBER0411_1655798155394,회원 가입 완료,"안녕하세요. #{수신자명}님
 회원 가입을 축하드립니다.
 
 #{수신자명}님의
 ▶ ID : #{ID}
 
 에 가입해주셔서 감사합니다.
 
 ▶ 고객센터 : #{고객센터}",회원,회원가입,자세히보기
,JOBER0411_1656054052940,회원 가입 감사 메시지,"#{수신자명}님, 환영합니다!
 회원가입이 완료되었습니다.
 
 신규 가입 시,
 지급되는 쿠폰 내역을 알려드립니다.
 
 ▶쿠폰명: #{쿠폰명}
 ▶유효기간: #{유효기간}
 ※유의사항: 쿠폰 사용 방법을 반드시 확인해 주세요.
 
 회원가입을 해주셔서 감사합니다.
 많은 이용 부탁드립니다.
 
 ※ 이 메시지는 고객님의 동의에 의해 지급된 쿠폰 안내 메시지입니다.",회원,회원가입,확인하기
,JOBER0411_1642748737756,휴면 전환 알림,"안녕하세요 #{수신자명} 고객님,
 #{발신 스페이스} 입니다.
 회원님의 마지막 로그인이
 #{비로그인 기간}을 경과하여 휴면 회원으로 전환됩니다.
 
 ※ 로그인 후 본인확인을 거치면 활동 회원으로 전환됩니다.",회원,회원가입,확인하기
,JOBER0411_1656221402816,휴면회원 전환 예정 안내,"안녕하세요 #{수신자명}님, 회원님의 [#{휴면예정ID}] 계정이 곧 휴면계정으로 전환될 예정입니다.
 
 개인정보 유효기간제 시행으로 #{유효기간} 이내에 로그인하지 않으시면 휴면계정으로 전환되어 더 이상 다양한 혜택을 받아 보실 수 없게 됩니다.
 
 - 휴면 예정 ID : #{휴면예정ID}",회원,회원가입,확인하기
,JOBER0411_1638770424573,회원 탈퇴 완료,"안녕하세요 #{수신자명}님,
 탈퇴 처리가 완료되었습니다.
 지금까지 이용해주셔서 감사합니다.",회원,회원가입,자세히보기
,JOBER0411_1638780195504,본인인증,인증 비빌번호 Key : #{인증Key},회원,회원가입,자세히보기
,JOBER0411_1642751030321,회원정보 변경 안내,"안녕하세요 #{수신자명}님.
 고객님의 회원정보가 변경되어 안내드립니다.
 
 ▶이전 회원정보: #{이전 회원정보}
 ▶변경된 회원정보: #{변경된 회원정보}
 
 회원정보를 확인하시고 본인이 변경하지 않았다면 문의 부탁드립니다.",회원,회원가입,확인하기
,JOBER0411_1642750654850,임시 비빌번호 발급,"안녕하세요 #{수신자명} 고객님,
 임시 비밀번호가 발급되었습니다.
 
 ▶아이디: #{아이디}
 ▶임시 비밀번호: #{임시 비밀번호}
 
 로그인 후, 새로운 비밀번호로 변경해 주시기 바랍니다.
 감사합니다.",회원,회원가입,자세히보기
,JOBER0411_1642750686641,인증번호 안내,"#{수신자명}님, 인증번호 [#{인증번호}]를 입력하시고 본인확인을 완료해 주시기 바랍니다.
 
 ▶요청 매장 : #{요청 매장}
 
 ※ 인증번호가 타인에게 노출되지 않도록 주의해 주시기 바랍니다.
 ※ 본인이 요청한 작업이 아니라면 상담원에게 메시지를 남겨주시기 바랍니다.",회원,회원가입,확인하기
,JOBER0411_1642750772346,변경 비밀번호 안내,"안녕하세요 #{수신자명} 고객님,
 아래와 같이 고객님의 비밀번호가 변경되었음을 안내드립니다.
 
 ▶아이디 : #{아이디}
 ▶비밀번호 : #{비밀번호}
 
 ※ 해당 개인 정보가 유출되지 않도록 주의 부탁드립니다.
 
 감사합니다.",회원,회원가입,확인하기
,JOBER0411_1656221640359,회원 탈퇴 안내,"안녕하세요 #{수신자명}님,
 회원 탈퇴 처리가 완료되었습니다.
 
 ▶ 아이디 : #{아이디}
 
 그동안 이용해주셔서 감사합니다.",회원,회원가입,자세히보기
,JOBER0411_1656221736737,비밀번호 변경 안내,"비밀번호가 변경되었습니다.
 
 ▶ 아이디 : #{아이디}
 
 본인이 아닌 경우, 연락 부탁드립니다.
 
 ▶ 연락처 : #{연락처}",회원,회원가입,자세히보기
,JOBER0411_1656224302568,임시 비빌번호 발급 안내,"임시 비밀번호는 #{발신 스페이스}입니다.
 로그인 후, 사용하실 비밀번호로 변경해주세요.
 
 ※ 비밀번호를 변경하지 않으실 경우 개인정보에 위험이 있습니다.",회원,회원가입,확인하기